i,A_i,j,A_j,fn,cn,segment_i,segment_j,mad_score,probability,score,dist_intra,dist_multimer,dist,precision
27,E,44,T,0,0.466001,A,A,3.829393394212296,0.9186274290701087,2.4238423813318475,6.092267968499085,13.845887512182092,6.092267968499085,0.0
33,Y,49,T,0,0.326542,A,A,2.7116088278817694,0.8249611517434792,1.5503283571055524,12.0708604912823,8.878165632606768,8.878165632606768,0.0
20,A,29,V,0,0.379974,A,A,3.139874231679105,0.8164142855385964,1.4922402617777693,4.0901052553693535,9.485833068318248,4.0901052553693535,0.3333333333333333
33,Y,45,Y,0,0.238724,A,A,2.0077345347489186,0.7786479353784461,1.2578045128562028,11.850987680358125,16.663695058419663,11.850987680358125,0.25
41,G,47,D,0,0.246365,A,A,2.068978282885156,0.7759236740466404,1.242067422479148,16.727475123281454,14.478277383722139,14.478277383722139,0.2
29,V,35,N,0,0.232689,A,A,1.9593631147774235,0.7679762129328445,1.196918863052016,5.785925163705455,4.175929237906219,4.175929237906219,0.3333333333333333
31,K,44,T,0,0.225908,A,A,1.9050123941764776,0.7580902157907686,1.1422375326254528,6.124146389497887,14.866487211173997,6.124146389497887,0.2857142857142857
30,F,43,W,0,0.224204,A,A,1.891354581478644,0.7383550831416585,1.037436545983899,2.3390374088500594,12.06011533941529,2.3390374088500594,0.375
27,E,46,D,0,0.200126,A,A,1.6983658407870683,0.7287221334701086,0.9881488647988836,8.462440014558448,11.419372706064022,8.462440014558448,0.3333333333333333
34,A,45,Y,0,0.187296,A,A,1.5955314881384717,0.7284226590235997,0.9866344910274576,11.275553068475178,15.382577092282034,11.275553068475178,0.3
32,Q,38,G,0,0.172167,A,A,1.4742703095554148,0.7179956586268592,0.9345410567894183,5.770140812839839,3.924637817684583,3.924637817684583,0.36363636363636365
21,V,49,T,0,0.195707,A,A,1.6629469004632842,0.7158098769458399,0.9237711351530716,11.953428378502965,10.16109964521557,10.16109964521557,0.3333333333333333
26,A,34,A,0,0.158503,A,A,1.3647513232272444,0.7099320602434259,0.895054105093728,7.079551821972914,11.032594391166567,7.079551821972914,0.3076923076923077
22,D,47,D,0,0.17302,A,A,1.4811072310526283,0.7034028599400844,0.8635549986687148,6.737295080371647,5.886718865378233,5.886718865378233,0.2857142857142857
22,D,41,G,0,0.152315,A,A,1.315153585566331,0.7004135190669748,0.8492677752451538,18.180014521446346,14.630257038070104,14.630257038070104,0.26666666666666666
26,A,50,K,0,0.211014,A,A,1.7856347754431805,0.6857502036939254,0.7803252275763852,5.976398413760582,14.477294360480483,5.976398413760582,0.25
28,K,37,N,0,0.13762,A,A,1.1973709813441074,0.6856051806282544,0.7796523410032283,9.954889100336578,4.45595096472122,4.45595096472122,0.29411764705882354
28,K,35,N,0,0.135249,A,A,1.1783670647322741,0.6820537668949613,0.7632262016265781,5.936647959918122,2.1775610209590006,2.1775610209590006,0.3333333333333333
29,V,39,V,0,0.130843,A,A,1.143052321336349,0.6755584287284476,0.733434188449904,9.273257140832447,10.10122962811954,9.273257140832447,0.3157894736842105
27,E,36,D,0,0.129868,A,A,1.1352375517469195,0.6696631392625345,0.7066618848079496,9.60324663850721,5.328409143449853,5.328409143449853,0.3
36,D,46,D,0,0.153773,A,A,1.3268396717831397,0.6688457054842825,0.7029689856376822,18.638955576962996,11.959285179307331,11.959285179307331,0.2857142857142857
39,V,46,D,0,0.13783099999999998,A,A,1.1990621776347428,0.6646596130781363,0.6841289532493167,14.282924770508316,12.604643945784426,12.604643945784426,0.2727272727272727
33,Y,47,D,0,0.138764,A,A,1.2065403109957047,0.6619477265681032,0.6719860512821105,16.605386987360458,14.888424396154214,14.888424396154214,0.2608695652173913
25,T,47,D,0,0.132432,A,A,1.155788391980045,0.6494717438262417,0.6167180106792394,9.681294644829276,10.213732961067663,9.681294644829276,0.25
31,K,37,N,0,0.116645,A,A,1.0292532458176602,0.6491347508833659,0.615238079527433,5.838751921429783,6.640929904764845,5.838751921429783,0.24
32,Q,43,W,0,0.117404,A,A,1.03533674337497,0.646142510396271,0.6021258234424993,5.2700802650434095,7.827984478778685,5.2700802650434095,0.23076923076923078
30,F,48,A,0,0.146478,A,A,1.2683691649576123,0.6442715429576882,0.5939526091054979,5.47693536569494,11.503242064739837,5.47693536569494,0.2222222222222222
31,K,38,G,0,0.10544,A,A,0.9394435091514464,0.6436826791957228,0.5913841860940261,6.523416512840491,5.962014760129332,5.962014760129332,0.21428571428571427
23,A,48,A,0,0.139212,A,A,1.2101310974326942,0.6346495849940555,0.552216077770942,6.487393698551061,11.448766964175661,6.487393698551061,0.20689655172413793
26,A,47,D,0,0.121502,A,A,1.068182821095465,0.6345153051902004,0.5516370048710082,8.336211249722503,10.641567271788494,8.336211249722503,0.2
35,N,44,T,0,0.123814,A,A,1.086713843957784,0.6308068904856737,0.5356799392698477,11.724058085833592,10.214280738260525,10.214280738260525,0.1935483870967742
21,V,42,E,0,0.091354,A,A,0.8265421302420046,0.6236890414121908,0.5052360939709215,20.966437394082956,10.605770363344668,10.605770363344668,0.1875
34,A,47,D,0,0.110235,A,A,0.9778761452348459,0.6190900454876344,0.4856877240588426,15.99343105778119,16.198800758080832,15.99343105778119,0.18181818181818182
29,V,40,D,0,0.096673,A,A,0.8691747040329545,0.6053937292183811,0.4279905535025974,10.292424641453538,9.433594118892332,9.433594118892332,0.17647058823529413
33,Y,44,T,0,0.086536,A,A,0.7879251457477772,0.6037681813996891,0.4211908781526479,11.169358844624877,16.21114844790461,11.169358844624877,0.17142857142857143
34,A,42,E,0,0.108224,A,A,0.9617576820098792,0.6032677810843338,0.4190996379979537,8.271307877234412,12.280422224011678,8.271307877234412,0.16666666666666666
25,T,41,G,0,0.067639,A,A,0.6364628883821862,0.5948993416451016,0.384256642154734,15.427569542867083,12.592029264578446,12.592029264578446,0.16216216216216217
23,A,38,G,0,0.069927,A,A,0.6548015476853809,0.5948924318896364,0.3842279703480964,17.939917530468193,10.57949927926648,10.57949927926648,0.15789473684210525
24,A,38,G,0,0.068638,A,A,0.6444700215307402,0.5928301863887504,0.37567766350842136,16.992814393148652,7.540360535146844,7.540360535146844,0.15384615384615385
28,K,40,D,0,0.067232,A,A,0.6332007230253679,0.5924577728170602,0.3741350486613946,9.75316620385401,4.478474517064933,4.478474517064933,0.175
39,V,45,Y,0,0.082357,A,A,0.7544298410152374,0.5888685376395337,0.3592899397716738,12.593740985108436,15.62803381747045,12.593740985108436,0.17073170731707318
34,A,49,T,0,0.1142,A,A,1.00965620823186,0.5887065708553516,0.35862097832098994,12.645950577161054,9.509303707422537,9.509303707422537,0.16666666666666666
29,V,46,D,0,0.079247,A,A,0.7295027298120311,0.5868980606293036,0.35115675405978863,12.71702594948992,12.89190323420092,12.71702594948992,0.16279069767441862
26,A,49,T,0,0.108713,A,A,0.9656770895270392,0.5824721828389829,0.3329302595147503,8.007908653325162,10.790357269340062,8.007908653325162,0.1590909090909091
34,A,41,G,0,0.07281900000000001,A,A,0.6779813565598738,0.5807183500644045,0.3257229821327512,5.441580744599864,10.894825423107982,5.441580744599864,0.15555555555555556
21,V,35,N,0,0.072438,A,A,0.6749275850587735,0.5802186780348062,0.3236711498783351,16.298399461296807,9.851374827911078,9.851374827911078,0.15217391304347827
32,Q,42,E,0,0.06586,A,A,0.6222039395620884,0.5755752781393649,0.30463536800342217,12.202080724204375,7.831424136132584,7.831424136132584,0.14893617021276595
24,A,36,D,0,0.06407,A,A,0.6078568241107254,0.5748508319457739,0.30167049343739394,14.24369281471627,6.406650528942563,6.406650528942563,0.14583333333333334
29,V,45,Y,0,0.06926,A,A,0.6494554437713814,0.5745834651301669,0.30057659881322296,9.656605045252705,11.468641985867377,9.656605045252705,0.14285714285714285
22,D,38,G,0,0.06038200000000001,A,A,0.5782969571919394,0.5743661703159549,0.2996876984020149,19.919890436445677,9.684923386377406,9.684923386377406,0.14
28,K,36,D,0,0.046877,A,A,0.4700523794429682,0.5677317769909964,0.2726028014123785,7.89543292036605,2.405746038134532,2.405746038134532,0.1568627450980392
26,A,45,Y,0,0.054345,A,A,0.5299095069238506,0.565557659132695,0.26374901805144346,5.019330433434324,9.061131827757501,5.019330433434324,0.15384615384615385
30,F,46,D,0,0.073516,A,A,0.6835679149227788,0.5646780116270114,0.2601697173415072,8.119235308820654,13.086020059590313,8.119235308820654,0.1509433962264151
24,A,35,N,0,0.053628,A,A,0.5241626455950085,0.5645644007341812,0.2597075539755305,10.790861967424103,6.194556400582691,6.194556400582691,0.14814814814814814
28,K,46,D,0,0.070546,A,A,0.6597629244811316,0.5643610208772978,0.2588802838466941,12.239305331594599,9.194487533299505,9.194487533299505,0.14545454545454545
40,D,46,D,0,0.07232000000000001,A,A,0.6739817975597452,0.5615950694355133,0.2476380908817681,14.599034933857784,11.743063697349173,11.743063697349173,0.14285714285714285
22,D,42,E,0,0.056485,A,A,0.5470619242791114,0.5603375370679605,0.2425320440979051,17.08839503873901,13.347883502638158,13.347883502638158,0.14035087719298245
25,T,34,A,0,0.051546,A,A,0.507475106840965,0.5559912519886991,0.22490829532724588,9.663548985750525,9.694998401237621,9.663548985750525,0.13793103448275862
28,K,42,E,0,0.047755,A,A,0.4770896796476033,0.5506698445306044,0.2033775059538705,12.238188468887051,10.187033081324513,10.187033081324513,0.13559322033898305
24,A,39,V,0,0.038789,A,A,0.4052258600180383,0.549435787222728,0.1983913067003542,14.5137362867044,10.280083949073568,10.280083949073568,0.13333333333333333
39,V,48,A,0,0.060591999999999986,A,A,0.579980138334278,0.5489308059007463,0.1963516454977241,15.787723426764227,13.392939707174078,13.392939707174078,0.13114754098360656
27,E,48,A,0,0.069495,A,A,0.6513390036211414,0.5449386432388356,0.18024094722831774,8.398308103421781,8.788120447513219,8.398308103421781,0.12903225806451613
24,A,41,G,0,0.027976,A,A,0.3185580614841897,0.5433069823811301,0.17366307396720115,14.129542880079315,12.464915122053581,12.464915122053581,0.12698412698412698
24,A,48,A,0,0.058412,A,A,0.5625071150471429,0.5424876099877742,0.17036128007879192,9.315428116839291,9.150919352720793,9.150919352720793,0.125
26,A,44,T,0,0.041829000000000005,A,A,0.42959191084046505,0.5376100392556828,0.1507248573159079,8.483748405038893,10.959355637992592,8.483748405038893,0.12307692307692308
23,A,30,F,0,0.050669,A,A,0.5004458217846267,0.5371333712902691,0.14880747369372216,5.722461183791464,13.788810245992943,5.722461183791464,0.12121212121212122
40,D,47,D,0,0.063071,A,A,0.5998496909621713,0.5334352480439578,0.13394087696746038,17.71524524244584,16.312986176663056,16.312986176663056,0.11940298507462686
20,A,48,A,0,0.079208,A,A,0.7291901390284541,0.5328527213331322,0.1316004859545803,9.128014570540518,9.268022604633632,9.128014570540518,0.11764705882352941
22,D,34,A,0,0.034854,A,A,0.3736862514699301,0.5307165597669944,0.12302115690082925,13.338391807110781,12.248381852310125,12.248381852310125,0.11594202898550725
20,A,32,Q,0,0.109422,A,A,0.9713598296695064,0.5293187671269972,0.11740975780164133,8.542376133137665,10.446006366071197,8.542376133137665,0.11428571428571428
30,F,40,D,0,0.050623,A,A,0.5000771249629716,0.5290844118623764,0.11646912830308898,7.58444922192772,10.602107479176015,7.58444922192772,0.11267605633802817
30,F,45,Y,0,0.028183,A,A,0.3202171971816379,0.5290492444337238,0.11632798157996405,5.421390043153139,12.479893348903268,5.421390043153139,0.1111111111111111
37,N,43,W,0,0.028041000000000003,A,A,0.3190790461234851,0.5278588625114274,0.11155098113325312,6.650754393300057,10.336302240163066,6.650754393300057,0.1095890410958904
22,D,45,Y,0,0.033010000000000005,A,A,0.35890631801053713,0.5247432525058291,0.0990539210790078,5.6104454368614975,4.990985974734851,4.990985974734851,0.12162162162162163
24,A,43,W,0,0.030206,A,A,0.3364318421861672,0.523949775357384,0.09587246855237508,8.311513520412515,13.221312302491004,8.311513520412515,0.12
43,W,50,K,0,0.090058,A,A,0.8161544980492859,0.519440213879704,0.07780007447236237,9.053535552478934,13.059849692856348,9.053535552478934,0.11842105263157894
37,N,50,K,0,0.11007,A,A,0.9765536457658658,0.5194272520362951,0.07774814865543568,16.064054127149845,15.485730367018535,15.485730367018535,0.11688311688311688
30,F,41,G,0,0.027467,A,A,0.3144783510010927,0.5194050982157478,0.07765939954388212,8.787390170010662,12.617422082184616,8.787390170010662,0.11538461538461539
32,Q,41,G,0,0.022233000000000003,A,A,0.2725270648153752,0.5183011470614647,0.07323730596020582,10.161249185016574,9.839583121250614,9.839583121250614,0.11392405063291139
25,T,39,V,0,0.01037,A,A,0.17744336056983318,0.517957109014212,0.07185934216109224,14.168536021763153,9.690546011448477,9.690546011448477,0.1125
26,A,41,G,0,0.025512,A,A,0.2988087360807492,0.5178144056338148,0.07128779728606105,12.84860167489054,15.217293583288717,12.84860167489054,0.1111111111111111
30,F,39,V,0,0.020022,A,A,0.2548055719310379,0.5169016399175227,0.06763232781505303,6.0976213395060865,11.158168174032868,6.0976213395060865,0.10975609756097561
26,A,33,Y,0,0.010107,A,A,0.17533537656776138,0.5152326778010962,0.060949572409596975,6.46272705597258,10.480279099337,6.46272705597258,0.10843373493975904
23,A,36,D,0,0.009923,A,A,0.17386058928114084,0.5149130108846321,0.05966974163771699,15.522204096068316,9.805091738479554,9.805091738479554,0.10714285714285714
23,A,41,G,0,0.01792,A,A,0.2379577302110573,0.5146356444246433,0.058559306222450765,14.821131333336197,15.705756460610232,14.821131333336197,0.10588235294117647
27,E,39,V,0,0.0185,A,A,0.2426065162232308,0.513592422018622,0.0543830873682154,9.727832800783535,9.454424995736122,9.454424995736122,0.10465116279069768
29,V,48,A,0,0.036647000000000006,A,A,0.3880574123661838,0.5132083562217147,0.05284571984179598,10.92036327234584,9.385709190039936,9.385709190039936,0.10344827586206896
27,E,43,W,0,0.017272,A,A,0.2327639141146979,0.5131248975284322,0.05251165341277897,3.377200171739899,12.184985884275779,3.377200171739899,0.11363636363636363
24,A,44,T,0,0.021925,A,A,0.27005839913994506,0.5113990773340649,0.04560421145030835,9.94881636175882,13.663537536084863,9.94881636175882,0.11235955056179775
36,D,43,W,0,0.017075,A,A,0.23118492990021836,0.5099944062899051,0.03998295082481152,5.7320710044450776,9.0105737886108,5.7320710044450776,0.1111111111111111
28,K,43,W,0,0.013681,A,A,0.20398151658070646,0.5081392525626895,0.03255988646584829,6.31369226364415,8.015702090272567,6.31369226364415,0.10989010989010989
41,G,49,T,0,0.039244,A,A,0.4088727524931055,0.504587808738544,0.01835174998898248,12.919760794999265,10.48075431445657,10.48075431445657,0.10869565217391304
19,E,49,T,0,0.233065,A,A,1.96237681053704,0.5030043192009213,0.012017421429678876,10.50182179433645,9.705455630726465,9.705455630726465,0.10752688172043011
25,T,36,D,0,0.013266,A,A,0.2006552300375133,0.5022018087604629,0.008807291972033227,12.174540484141486,6.5220503677907935,6.5220503677907935,0.10638297872340426
23,A,47,D,0,0.032622000000000005,A,A,0.35579644047135905,0.49986988634387397,-0.0005204546362520546,3.9327641678595455,7.683251264926848,3.9327641678595455,0.11578947368421053
29,V,41,G,0,0.001841,A,A,0.10908216074599204,0.4992829616515991,-0.002868155359797786,12.293577754258523,13.045003717899048,12.293577754258523,0.11458333333333333
31,K,39,V,0,0.000962,A,A,0.1020368453930601,0.4975239954933677,-0.009904098984462095,4.696760266396403,6.893806713275331,4.696760266396403,0.12371134020618557
36,D,42,E,0,0.009288,A,A,0.16877097011264053,0.4954580861809125,-0.018168155008048803,8.920350721804608,12.392175111738858,8.920350721804608,0.12244897959183673
37,N,48,A,0,0.036654,A,A,0.3881135184042617,0.4951389163452288,-0.01944494728348189,16.343308294222442,15.455661066418351,15.455661066418351,0.12121212121212122
42,E,49,T,0,0.024634,A,A,0.2917714358761141,0.49495753150215605,-0.020170557831867164,9.64286363068565,8.102169153998206,8.102169153998206,0.12
20,A,46,D,0,0.070891,A,A,0.6625281506435452,0.4917492883182058,-0.0330058427417641,11.41726087991336,6.610977083608746,6.610977083608746,0.1188118811881188
23,A,31,K,0,-0.006232,A,A,0.04437586854551489,0.4884591989522487,-0.04617140478755877,7.232463273325346,12.51341136541111,7.232463273325346,0.11764705882352941
32,Q,39,V,0,0.003145,A,A,0.11953391412508554,0.4880331951217104,-0.047876362385496314,6.406326326374581,6.185879888908288,6.185879888908288,0.11650485436893204
39,V,47,D,0,0.007194,A,A,0.15198724957903478,0.4867158682000892,-0.05314903503751545,18.08685417644539,16.848834796507443,16.848834796507443,0.11538461538461539
33,Y,41,G,0,-0.002286,A,A,0.07600364372488845,0.4862960391836014,-0.054829575235947565,9.43284956945673,12.73403412120448,9.43284956945673,0.11428571428571428
37,N,46,D,0,0.012793,A,A,0.19686406489310285,0.4858618005632567,-0.05656787733418023,17.209036289112763,14.654192130581611,14.654192130581611,0.11320754716981132
25,T,33,Y,0,-0.006594,A,A,0.04147438486205487,0.4842926332883977,-0.06285014758960594,7.939842315814592,10.220043346287724,7.939842315814592,0.11214953271028037
23,A,40,D,0,-0.011304,A,A,0.0037230363838872296,0.4834458827635564,-0.0662406793795034,14.411263164622316,12.228852685350331,12.228852685350331,0.1111111111111111
21,V,47,D,0,-0.004929,A,A,0.054819606776311584,0.4793024909461901,-0.08283737311372041,8.46846042678361,4.918415395226393,4.918415395226393,0.11926605504587157
23,A,34,A,0,0.006858,A,A,0.14929415975129287,0.4773087868368016,-0.09082724179403943,11.519453849901046,12.699993897636329,11.519453849901046,0.11818181818181818
23,A,44,T,0,0.005268999999999999,A,A,0.1365580891075968,0.4736245478710867,-0.10559983070541668,8.491220289216386,12.061847329493109,8.491220289216386,0.11711711711711711
21,V,28,K,0,-0.007093,A,A,0.037474825861926284,0.4731625515975345,-0.1074530635708464,7.118156081458176,4.46168320255932,4.46168320255932,0.125
36,D,44,T,0,0.008964,A,A,0.16617406206446084,0.4731080743844952,-0.1076716033137246,12.594639216746147,13.723543492844696,12.594639216746147,0.12389380530973451
23,A,37,N,0,-0.022833000000000003,A,A,-0.08868360833050658,0.4730486138935177,-0.10791013681090966,15.945274190179358,12.126500113388033,12.126500113388033,0.12280701754385964
31,K,40,D,0,-0.011678,A,A,0.000725370920864993,0.4730146625714519,-0.10804633833262622,3.888164348378294,5.361995337558587,3.888164348378294,0.13043478260869565
22,D,32,Q,0,-0.010344,A,A,0.01141757874886408,0.469334296980005,-0.1228169605452627,10.04163482705879,8.733176741598673,8.733176741598673,0.12931034482758622
21,V,32,Q,0,-0.009605,A,A,0.01734077334023688,0.4692005654902373,-0.12335391510210192,9.551545005913965,8.18290718510237,8.18290718510237,0.1282051282051282
21,V,38,G,0,-0.004306,A,A,0.05981304416524968,0.467808674144707,-0.12894366335527566,21.570621711021683,10.277244085843247,10.277244085843247,0.1271186440677966
25,T,42,E,0,-0.008448,A,A,0.026614299919693333,0.4669983508210324,-0.13219879207527896,15.240365776450382,11.967165829886376,11.967165829886376,0.12605042016806722
21,V,40,D,0,-0.011827,A,A,-0.00046888617536577264,0.4663060887009906,-0.13498021359890755,21.241717656536157,11.368267502130657,11.368267502130657,0.125
25,T,40,D,0,-0.011763,A,A,4.4083315632682206e-05,0.4655797590230085,-0.1378990750013278,14.10161295738895,10.118068244482243,10.118068244482243,0.12396694214876033
27,E,35,N,0,-0.028134,A,A,-0.13117190945211304,0.4644561367528497,-0.14241567466656058,7.079478935627961,4.935930915237771,4.935930915237771,0.13114754098360656
27,E,38,G,0,-0.028337,A,A,-0.1327989845563738,0.4640889929940277,-0.14389178649908896,12.185286660559118,7.2497964799020425,7.2497964799020425,0.13008130081300814
33,Y,39,V,0,-0.025687,A,A,-0.11155884156971896,0.4620402349659214,-0.15213179522258224,4.242281108083245,6.599994015148801,4.242281108083245,0.13709677419354838
23,A,29,V,0,-0.017918,A,A,-0.04928915445148448,0.45841987087307795,-0.16670551893266916,6.127106576517173,10.09163941091833,6.127106576517173,0.136
20,A,49,T,0,0.006540000000000001,A,A,0.1467453425928943,0.4583391216859402,-0.1670307693634263,10.822382223891374,10.81614469207952,10.81614469207952,0.1349206349206349
35,N,45,Y,0,0.002794,A,A,0.11672059707289092,0.4577298401592264,-0.1694851857202382,13.371558996616663,11.945052909049837,11.945052909049837,0.13385826771653545
33,Y,48,A,0,0.001135,A,A,0.10342346604841532,0.4574076129185829,-0.1707834443356342,12.556494176321666,11.531948187535356,11.531948187535356,0.1328125
28,K,39,V,0,-0.019689,A,A,-0.06348398208520738,0.4563611594337592,-0.17500061802436614,9.717383238300322,5.387755098368893,5.387755098368893,0.13178294573643412
24,A,37,N,0,-0.025478,A,A,-0.10988367557567713,0.4559775901764643,-0.17654677657912554,15.711909718426975,8.722378402706454,8.722378402706454,0.13076923076923078
20,A,50,K,0,-0.038939,A,A,-0.2177755867995868,0.4547514103889542,-0.18149089954183986,5.446733791916032,9.818675419831331,5.446733791916032,0.1297709923664122
31,K,50,K,0,0.048972,A,A,0.4868441151248708,0.4489914111845832,-0.20474663792376055,11.484604346689526,10.997475028387198,10.997475028387198,0.12878787878787878
34,A,48,A,0,-0.001824,A,A,0.07970664223803356,0.44590738931157137,-0.21722055690910969,14.075467274659124,13.07181976619935,13.07181976619935,0.12781954887218044
27,E,42,E,0,-0.035938,A,A,-0.19372212676073727,0.4417897823309549,-0.2339014622533133,7.749265642627049,14.193321809921734,7.749265642627049,0.12686567164179105
25,T,49,T,0,-0.007812,A,A,0.031711934236490484,0.4399911542150807,-0.24119795699535465,11.518862139985874,10.167621206555639,10.167621206555639,0.1259259259259259
22,D,44,T,0,-0.037203,A,A,-0.20386128935625367,0.4398488616648839,-0.2417754655118123,12.207498392381627,8.92197741534913,8.92197741534913,0.125
28,K,41,G,0,-0.035048,A,A,-0.18658864477654005,0.4397188826425538,-0.24230303341121795,11.610417563550419,6.8681620539996,6.8681620539996,0.12408759124087591
29,V,50,K,0,0.030991,A,A,0.3427237335991951,0.4391240106622208,-0.2447179706049232,9.826435874720802,11.32937301883913,9.826435874720802,0.12318840579710146
24,A,32,Q,0,-0.040456,A,A,-0.2299345667659096,0.4361775715754453,-0.2566899240146574,7.020310320776426,7.290518020003794,7.020310320776426,0.1223021582733813
21,V,45,Y,0,-0.024554,A,A,-0.10247767854938693,0.4354377068764722,-0.25969898058271035,8.222522727241317,2.614285562060881,2.614285562060881,0.12857142857142856
25,T,37,N,0,-0.039007,A,A,-0.21832061688377266,0.43400591275924494,-0.26552547370068424,13.422229993559192,8.640333616244225,8.640333616244225,0.1276595744680851
36,D,48,A,0,-0.006508,A,A,0.04216368761558404,0.4336150823964761,-0.2671166798549156,17.990124235257518,12.07685824210916,12.07685824210916,0.1267605633802817
38,G,46,D,0,-0.032603,A,A,-0.16699160719073966,0.4335362679696345,-0.2674376014320789,19.74291678045572,14.471232497614016,14.471232497614016,0.1258741258741259
29,V,43,W,0,-0.027902,A,A,-0.12931239504724368,0.4299935678696865,-0.2818773950709339,5.701242934659073,10.215417416826392,5.701242934659073,0.125
32,Q,47,D,0,-0.017472,A,A,-0.045714398311089005,0.4296119596198491,-0.2834345200315149,16.962161359921087,11.06920326852841,11.06920326852841,0.12413793103448276
30,F,42,E,0,-0.020403,A,A,-0.06920679796915892,0.429361565124302,-0.2844564221021191,9.6212514778484,14.042718006141117,9.6212514778484,0.1232876712328767
20,A,27,E,0,0.039001,A,A,0.4069250714569707,0.42910741057259216,-0.28549382049226857,5.283028866095661,5.509226624490955,5.283028866095661,0.12244897959183673
26,A,35,N,0,-0.029267,A,A,-0.1402530724724451,0.4277027213564314,-0.29123019629963265,9.18441745566914,7.152602952771809,7.152602952771809,0.12162162162162163
27,E,33,Y,0,-0.037305,A,A,-0.20467883448253246,0.4273242659531056,-0.2927765172910699,5.669804405797434,9.985227188201577,5.669804405797434,0.12080536912751678
34,A,50,K,0,0.015065,A,A,0.21507448182354805,0.4265878770069343,-0.2957863075945193,12.045437725545717,14.347023175558059,12.045437725545717,0.12
21,V,34,A,0,-0.0116,A,A,0.001350552488019375,0.42582049051407134,-0.298924208031937,14.959372814392989,12.625408112215624,12.625408112215624,0.11920529801324503
23,A,46,D,0,-0.034282,A,A,-0.18044904118115224,0.4247362507172997,-0.3033602403005773,6.519702830651101,11.000291996124465,6.519702830651101,0.11842105263157894
35,N,43,W,0,-0.049155,A,A,-0.2996583418002154,0.42381646217670704,-0.30712576270363856,4.318909237295917,4.37350020006859,4.318909237295917,0.12418300653594772
29,V,42,E,0,-0.035953,A,A,-0.19384235398519006,0.4231462531242388,-0.3098708914050432,13.475220443465851,11.999223058181727,11.999223058181727,0.12337662337662338
23,A,32,Q,0,-0.060378,A,A,-0.3896123511357728,0.4227513632674663,-0.3114888740392403,9.67299110926915,11.462483369671686,9.67299110926915,0.12258064516129032
38,G,48,A,0,-0.023798,A,A,-0.09641822643696764,0.4224638748590317,-0.3126670549467807,19.867389511458217,16.22815399236771,16.22815399236771,0.12179487179487179
20,A,38,G,0,0.034460000000000005,A,A,0.3705282830409709,0.41892530526507854,-0.3271866759817237,18.706824583557733,11.84034294266851,11.84034294266851,0.12101910828025478
30,F,49,T,0,-0.014357,A,A,-0.020747211366398503,0.4147041187792657,-0.3445522000807846,6.3408187168535255,9.264227274845968,6.3408187168535255,0.12025316455696203
27,E,50,K,0,0.028792,A,A,0.3250984224944201,0.4141666219307355,-0.3467670500912581,8.498427207430794,12.719481003563,8.498427207430794,0.11949685534591195
21,V,30,F,0,-0.021165,A,A,-0.07531434097135928,0.4130812093887167,-0.35124225723511504,9.260918474967806,7.719127606148247,7.719127606148247,0.11875
22,D,40,D,0,-0.049125,A,A,-0.29941788735130986,0.4114165177928386,-0.3581126459425268,17.60813510852299,12.500363714708465,12.500363714708465,0.11801242236024845
26,A,42,E,0,-0.034879,A,A,-0.18523408471437225,0.4111254870599768,-0.35931462070839704,12.361982082174363,13.975278566096637,12.361982082174363,0.11728395061728394
28,K,50,K,0,0.028907,A,A,0.3260201645485579,0.4093536749544508,-0.36663789017505394,10.945219458740882,7.472892746453679,7.472892746453679,0.1165644171779141
20,A,45,Y,0,0.027834,A,A,0.3174199104260369,0.405299115017414,-0.3834332147203252,7.636725869114328,3.727166886523865,3.727166886523865,0.12195121951219512
29,V,44,T,0,-0.064373,A,A,-0.42163286858169197,0.4044051079968053,-0.3871436064357834,11.799284978336612,11.098005631643913,11.098005631643913,0.12121212121212122
25,T,45,Y,0,-0.05156,A,A,-0.3189347734541417,0.4041138192843939,-0.3883531076897864,7.881487740268331,7.725207246410931,7.725207246410931,0.12048192771084337
32,Q,40,D,0,-0.072752,A,A,-0.4887917961610056,0.4028265101907548,-0.3937017004191876,6.3862503082795,7.685120493525134,6.3862503082795,0.11976047904191617
24,A,40,D,0,-0.062039,A,A,-0.4029255124568421,0.4018128947121072,-0.3979170458785961,13.507920639387839,9.03169629693116,9.03169629693116,0.11904761904761904
26,A,43,W,0,-0.040648,A,A,-0.23147347523890496,0.3996525776436508,-0.4069129110954504,5.362270601153955,11.113416081475581,5.362270601153955,0.11834319526627218
35,N,46,D,0,-0.052077,A,A,-0.32307860512361364,0.3994338500711545,-0.4078246238393022,16.50295373561957,8.659495250879234,8.659495250879234,0.11764705882352941
22,D,30,F,0,-0.063555,A,A,-0.41507647727486796,0.3976538579138879,-0.4152503437824495,6.841411915679395,11.675242095990987,6.841411915679395,0.11695906432748537
34,A,43,W,0,-0.041722,A,A,-0.2400817445097228,0.39720871241448025,-0.4171091468968484,2.3242867723239318,9.746455201764386,2.3242867723239318,0.12209302325581395
22,D,33,Y,0,-0.070755,A,A,-0.4727855450121943,0.3954690581764761,-0.4243803051091399,12.44881813667466,13.682366060005851,12.44881813667466,0.12138728323699421
22,D,39,V,0,-0.07915499999999999,A,A,-0.5401127907057416,0.3945072040574181,-0.4284052638675279,17.739155504138296,12.334577617413577,12.334577617413577,0.1206896551724138
29,V,38,G,0,-0.071,A,A,-0.4747492563449228,0.3940520145363871,-0.43031123264286775,9.835201828127373,8.171896781041719,8.171896781041719,0.12
38,G,44,T,0,-0.060167,A,A,-0.3879211548451372,0.39250880899728813,-0.436778694426704,14.225203900120377,12.364095882837534,12.364095882837534,0.11931818181818182
22,D,49,T,0,-0.048321,A,A,-0.2929737081206417,0.3922318504791967,-0.43794035596146097,9.808589704947394,11.66672109034925,9.808589704947394,0.11864406779661017
25,T,50,K,0,0.000667,A,A,0.09967237664548907,0.3920607355536481,-0.4386582175479945,9.137450683861445,11.769171168778197,9.137450683861445,0.11797752808988764
23,A,33,Y,0,-0.062357,A,A,-0.4054743296152407,0.3919404183372283,-0.4391630391202166,10.946281332032354,14.186662785870398,10.946281332032354,0.11731843575418995
26,A,46,D,0,-0.055745,A,A,-0.3524781690764627,0.3911377098769401,-0.4425324203956445,8.397320108225003,12.351815939366974,8.397320108225003,0.11666666666666667
20,A,26,A,0,0.035846,A,A,0.3816372785804061,0.39046259174085385,-0.4453681534676126,2.2561768547700343,10.625225879951916,2.2561768547700343,0.12154696132596685
31,K,48,A,0,-0.051575,A,A,-0.3190550006785945,0.3892801187700272,-0.45033921038452096,11.632207099256785,7.825278014230547,7.825278014230547,0.12087912087912088
31,K,49,T,0,-0.042994,A,A,-0.2502770131433171,0.3860519334305807,-0.4639384394543131,11.149001793882714,5.93525239564418,5.93525239564418,0.12021857923497267
40,D,48,A,0,-0.040731,A,A,-0.2321387325475436,0.3860108395889424,-0.4641118230304739,17.938982524100968,12.976455371171284,12.976455371171284,0.11956521739130435
24,A,50,K,0,-0.0033619999999999995,A,A,0.06737934415747691,0.3841667375904673,-0.4718995781670952,7.736415513660057,11.17119483314117,7.736415513660057,0.11891891891891893
25,T,35,N,0,-0.07888099999999999,A,A,-0.5379166400724045,0.3822378071468686,-0.4800606354820589,10.565530653970958,5.901442874416392,5.901442874416392,0.11827956989247312
29,V,36,D,0,-0.071337,A,A,-0.4774503613209615,0.3819744828541388,-0.4811759389210413,6.290629936659761,6.019691769517772,6.019691769517772,0.11764705882352941
25,T,44,T,0,-0.076892,A,A,-0.5219745101099682,0.381379947822959,-0.483695158547429,12.112680174098546,9.41803403051826,9.41803403051826,0.11702127659574468
37,N,45,Y,0,-0.055484000000000006,A,A,-0.35038621537098463,0.37946590453848106,-0.4918158018155325,15.327024662340698,14.656425041598649,14.656425041598649,0.1164021164021164
23,A,35,N,0,-0.093688,A,A,-0.6565969409038754,0.3794453088366192,-0.4919032685205291,12.86469416659409,9.784040525263578,9.784040525263578,0.11578947368421053
34,A,44,T,0,-0.074888,A,A,-0.505912152923079,0.3794205652003029,-0.4920083532897897,9.164744077168766,14.743883545389254,9.164744077168766,0.11518324607329843
32,Q,48,A,0,-0.050548,A,A,-0.31082344337772866,0.37880240921053,-0.4946344915460226,14.215146042162209,7.8448599732563755,7.8448599732563755,0.11458333333333333
31,K,42,E,0,-0.08093099999999999,A,A,-0.5543476940809487,0.3777112867144951,-0.4992740422937945,6.171415558848713,11.642479375115938,6.171415558848713,0.11398963730569948
23,A,43,W,0,-0.08770499999999999,A,A,-0.6086423086438166,0.37458201063688734,-0.5126094431841999,7.418990025603216,13.231264905518296,7.418990025603216,0.1134020618556701
20,A,42,E,0,-0.019743,A,A,-0.06391680009323733,0.37455649815998376,-0.5127183465421847,17.482796601230596,9.91651450863659,9.91651450863659,0.11282051282051282
27,E,34,A,0,-0.073045,A,A,-0.4911402346119829,0.3731990438057863,-0.5185171291776021,6.421732009356978,8.560968928807066,6.421732009356978,0.11224489795918367
38,G,47,D,0,-0.067069,A,A,-0.4432417083900021,0.3730708442853871,-0.5190652122890471,23.00730370990916,18.237630218863416,18.237630218863416,0.1116751269035533
22,D,31,K,0,-0.093739,A,A,-0.657005713467015,0.3707377635481702,-0.5290531040327289,9.714352989262846,8.861810988731362,8.861810988731362,0.1111111111111111
21,V,41,G,0,-0.074561,A,A,-0.5032911994300088,0.3689520022886884,-0.5367153652702163,21.981790873356974,11.882293802124234,11.882293802124234,0.11055276381909548
37,N,49,T,0,-0.047445,A,A,-0.2859524382126004,0.3681923406542903,-0.5399795449001168,15.673664600213952,11.485876370569205,11.485876370569205,0.11
26,A,39,V,0,-0.092408,A,A,-0.6463375510839064,0.3674879737945597,-0.5430086404355654,11.597427688931711,12.204374379705007,11.597427688931711,0.10945273631840796
37,N,44,T,0,-0.073949,A,A,-0.4983859286723361,0.36595787644523387,-0.54959715807012,13.414034665230295,15.11719487868037,13.414034665230295,0.10891089108910891
26,A,40,D,0,-0.072375,A,A,-0.4857700852530927,0.3654060749557095,-0.5519760369134663,12.032143657719516,11.634450266342625,11.634450266342625,0.10837438423645321
41,G,50,K,0,-0.020949,A,A,-0.07358306893923952,0.3647685457688718,-0.5547263960713047,16.328527306527064,14.56884909661707,14.56884909661707,0.10784313725490197
22,D,35,N,0,-0.09095,A,A,-0.6346514648670979,0.3631014499002369,-0.5619281093510171,14.90127460991173,8.600515217125075,8.600515217125075,0.1073170731707317
19,E,25,T,0,0.193076,A,A,1.6418590452942696,0.36289976618399583,-0.5628003262027517,4.990952313937694,8.183070695038632,4.990952313937694,0.11165048543689321
25,T,32,Q,0,-0.093724,A,A,-0.6568854862425622,0.3628465367073889,-0.5630305612601156,5.142402843029706,7.180017618362786,5.142402843029706,0.1111111111111111
32,Q,49,T,0,-0.053152,A,A,-0.3316948895427283,0.3613723416249462,-0.5694127462653231,13.886677752435965,5.471212114330792,5.471212114330792,0.11057692307692307
40,D,50,K,0,-0.004396,A,A,0.0590916808185331,0.36129633556183216,-0.5697421021572175,16.200464437786962,16.344611925646934,16.200464437786962,0.11004784688995216
32,Q,44,T,0,-0.078239,A,A,-0.5327709148658264,0.3609415840140563,-0.5712797399140612,12.170916851248306,14.44377146039081,12.170916851248306,0.10952380952380952
21,V,44,T,0,-0.089784,A,A,-0.6253058019529697,0.3604820190866194,-0.5732726599932438,15.498217091007595,6.026213487754974,6.026213487754974,0.10900473933649289
23,A,45,Y,0,-0.072377,A,A,-0.4857861155496864,0.3604248816552785,-0.5735205159528318,1.9637665339851371,7.665894207462036,1.9637665339851371,0.11320754716981132
33,Y,40,D,0,-0.081998,A,A,-0.5628998573136887,0.35923617239419475,-0.5786809113416158,7.878270051223174,9.533046732288685,7.878270051223174,0.11267605633802817
25,T,38,G,0,-0.10326,A,A,-0.7333179404013321,0.3590388935347396,-0.5795380575815763,15.707459692770186,6.885358160618807,6.885358160618807,0.11214953271028037
32,Q,46,D,0,-0.084111,A,A,-0.5798358656649347,0.3578231587623795,-0.5848248249808545,15.02213280463197,9.797730451487224,9.797730451487224,0.11162790697674418
18,T,24,A,0,0.223622,A,A,1.8866897651698769,0.3565547985813584,-0.5903489255770782,7.938091962178318,9.632066652593307,7.938091962178318,0.1111111111111111
33,Y,42,E,0,-0.08190399999999999,A,A,-0.5621464333737847,0.3564975065494897,-0.5905986562758323,10.869406883542448,13.424052778501727,10.869406883542448,0.11059907834101383
23,A,49,T,0,-0.058977,A,A,-0.3783831283718847,0.356093316962714,-0.5923609906863194,7.6903025298098635,12.684379251662254,7.6903025298098635,0.11009174311926606
31,K,45,Y,0,-0.084536,A,A,-0.5832423036910963,0.3545662529848552,-0.5990273469138039,6.354519730081885,14.33949964259562,6.354519730081885,0.1095890410958904
36,D,50,K,0,-0.011698,A,A,0.000565067954927982,0.35437163977429714,-0.5998778521507102,17.544432535707735,10.97743362539715,10.97743362539715,0.10909090909090909
31,K,47,D,0,-0.085188,A,A,-0.5884681803806431,0.3534495130828278,-0.6039106328387271,12.260863305656747,11.946715783009152,11.946715783009152,0.1085972850678733
35,N,41,G,0,-0.102284,A,A,-0.7254951556636057,0.35295950855975466,-0.6060555321880217,5.684116993869848,5.719908740530743,5.684116993869848,0.10810810810810811
24,A,46,D,0,-0.101053,A,A,-0.7156285081101823,0.3524059910637872,-0.6084800759152174,9.821725357593744,13.183323442895574,9.821725357593744,0.10762331838565023
31,K,41,G,0,-0.113314,A,A,-0.8139022413778709,0.35017805469545604,-0.6182566422365281,5.160852933382231,8.297812844358447,5.160852933382231,0.10714285714285714
30,F,44,T,0,-0.099413,A,A,-0.7024836649033468,0.3483831874114887,-0.6261536911578447,6.9617617023279355,12.422730335960768,6.9617617023279355,0.10666666666666667
27,E,40,D,0,-0.112465,A,A,-0.8070973804738446,0.3478188534220561,-0.6286405474082155,8.785847312581751,8.46708840156993,8.46708840156993,0.10619469026548672
20,A,34,A,0,0.0026620000000000003,A,A,0.1156625974977066,0.3472390139476191,-0.6311976940169504,11.46467452656202,14.593451579389988,11.46467452656202,0.10572687224669604
30,F,36,D,0,-0.088429,A,A,-0.6144452760107367,0.34653510755426004,-0.6343046752731238,5.763527218639641,6.861804864611059,5.763527218639641,0.10526315789473684
42,E,50,K,0,-0.044545,A,A,-0.2627085081517328,0.34470426873927185,-0.6423997744765515,13.660350324936765,12.317578739346462,12.317578739346462,0.10480349344978165
22,D,36,D,0,-0.103959,A,A,-0.7389205290608308,0.3433871587908068,-0.6482360085576042,16.885405947148563,10.174338946585177,10.174338946585177,0.10434782608695652
39,V,49,T,0,-0.083503,A,A,-0.5749626555004493,0.3428566529812685,-0.6505897404098127,13.383119554124889,10.61150724449642,10.61150724449642,0.1038961038961039
22,D,50,K,0,-0.042935,A,A,-0.2498041193938029,0.3424672549911113,-0.6523185178403348,5.205669985698286,9.744364166019247,5.205669985698286,0.10344827586206896
38,G,50,K,0,-0.030719,A,A,-0.1518910677994726,0.3418870070486861,-0.6548963446676352,19.615431552734186,15.929008883166585,15.929008883166585,0.10300429184549356
20,A,36,D,0,-0.035374,A,A,-0.18920158312131344,0.3403755041978093,-0.6616212950613921,14.75626077297362,10.490645404359068,10.490645404359068,0.10256410256410256
28,K,48,A,0,-0.08601,A,A,-0.5950566322806545,0.3338483263845956,-0.6908306055578914,11.107321954458687,5.00000129999983,5.00000129999983,0.10212765957446808
35,N,48,A,0,-0.087921,A,A,-0.6103735806759365,0.3324172415543913,-0.6972724337442493,16.580478913469296,10.609466810353855,10.609466810353855,0.1016949152542373
35,N,47,D,0,-0.094775,A,A,-0.6653094071025524,0.33081989794563976,-0.7044791224161404,19.309674000355365,12.945279680254112,12.945279680254112,0.10126582278481013
41,G,48,A,0,-0.105253,A,A,-0.7492921309569559,0.32927322074551485,-0.7114740053112367,16.394760565497748,11.168658155749954,11.168658155749954,0.10084033613445378
20,A,44,T,0,-0.041305,A,A,-0.236739427669936,0.3277480325434115,-0.7183881021115406,13.033466384657613,5.372419659706415,5.372419659706415,0.100418410041841
37,N,47,D,0,-0.098877,A,A,-0.6981875454162347,0.325089144007257,-0.7304811829828015,20.128512364305518,18.14919394904358,18.14919394904358,0.1
24,A,30,F,0,-0.118553,A,A,-0.8558936033050726,0.3242296371493269,-0.7344012970301481,6.294008738475028,11.413721785640298,6.294008738475028,0.0995850622406639
21,V,50,K,0,-0.06299500000000001,A,A,-0.4105879942286316,0.3240767113334054,-0.7350993401569474,5.4946785165285155,7.810898219795211,5.4946785165285155,0.09917355371900827
20,A,28,K,0,-0.05094,A,A,-0.3139653815100942,0.31917460224830146,-0.757567586790306,6.011282059594277,3.1682072217580726,3.1682072217580726,0.102880658436214
30,F,47,D,0,-0.117865,A,A,-0.8503791812768393,0.3182209587597655,-0.7619596385386411,9.18643929931505,13.35861987631956,9.18643929931505,0.10245901639344263
29,V,49,T,0,-0.103898,A,A,-0.738431605014723,0.315468010437766,-0.7746780942234737,11.734198609193555,8.308574546816077,8.308574546816077,0.10204081632653061
19,E,47,D,0,0.130411,A,A,1.1395897772721093,0.3148777790774673,-0.777412686446513,11.854641074279725,6.990263299762034,6.990263299762034,0.1016260162601626
23,A,39,V,0,-0.132549,A,A,-0.9680736188677976,0.3140668996515953,-0.7811740821820847,15.231657624828625,13.330034133489681,13.330034133489681,0.10121457489878542
21,V,37,N,0,-0.133409,A,A,-0.9749666464030892,0.310282112451914,-0.79880073154871,18.496545244991022,12.887624528981283,12.887624528981283,0.10080645161290322
23,A,50,K,0,-0.05433,A,A,-0.3411367342364186,0.3077240326667233,-0.810781289351513,4.195001907031748,9.609272084814748,4.195001907031748,0.10441767068273092
23,A,42,E,0,-0.13985999999999998,A,A,-1.0266723680660743,0.3075312796640188,-0.8116862632936108,13.614325212804342,16.825003893015896,13.614325212804342,0.104
38,G,45,Y,0,-0.122395,A,A,-0.8866878030615737,0.3056857719841211,-0.8203669507546629,17.560584813724173,12.927486724031086,12.927486724031086,0.10358565737051793
42,E,48,A,0,-0.132794,A,A,-0.9700373302005258,0.3056096775995739,-0.8207255022848612,13.440397985178864,7.849014906343342,7.849014906343342,0.10317460317460317
22,D,29,V,0,-0.149332,A,A,-1.102591852733846,0.3047482165709818,-0.824788142033789,6.736218078417592,10.442980561123344,6.736218078417592,0.10276679841897234
20,A,37,N,0,-0.06325399999999999,A,A,-0.4126639176375158,0.3046283120627786,-0.8253541209196893,14.77532121478244,13.728905637376933,13.728905637376933,0.10236220472440945
21,V,36,D,0,-0.140234,A,A,-1.0296700335290967,0.3041678774983152,-0.8275286503410553,17.018090433418198,10.30554656483585,10.30554656483585,0.10196078431372549
40,D,49,T,0,-0.096332,A,A,-0.6777889930007492,0.3039052498734787,-0.8287698115313566,14.977245407617515,11.020733823117224,11.020733823117224,0.1015625
38,G,49,T,0,-0.107985,A,A,-0.7711895161039525,0.30286688504375114,-0.833682989555562,17.850482738570406,11.818150828281048,11.818150828281048,0.10116731517509728
24,A,42,E,0,-0.142826,A,A,-1.0504452979145342,0.3026893525801774,-0.8345239630237136,13.332659562142881,15.241077684993275,13.332659562142881,0.10077519379844961
31,K,43,W,0,-0.13985,A,A,-1.0265922165831058,0.30204282470370425,-0.837588936460139,2.4244731386427025,8.258880129896545,2.4244731386427025,0.10424710424710425
20,A,31,K,0,-0.05918200000000001,A,A,-0.3800262337727392,0.29875918940631035,-0.8532134901366328,8.997883862331188,7.108737229635093,7.108737229635093,0.10384615384615385
35,N,42,E,0,-0.147875,A,A,-1.0909137816653345,0.29678460396980544,-0.8626566038415273,8.826540715365221,7.2275044794174965,7.2275044794174965,0.10344827586206896
22,D,37,N,0,-0.1454,A,A,-1.0710762896306285,0.2966460513811288,-0.8633205662879462,17.33623788484687,11.90560006887515,11.90560006887515,0.10305343511450382
36,D,47,D,0,-0.123351,A,A,-0.8943502848333632,0.2940209703302803,-0.8759344415857044,21.584201514070426,14.48538425448217,14.48538425448217,0.10266159695817491
25,T,46,D,0,-0.15012799999999998,A,A,-1.1089719107781393,0.2939580500652508,-0.8762375845939703,12.292277291047414,11.382065981182855,11.382065981182855,0.10227272727272728
21,V,46,D,0,-0.162745,A,A,-1.2100990368395068,0.2889167800838905,-0.900650780792088,12.201474050294088,6.089124239166089,6.089124239166089,0.1018867924528302
28,K,45,Y,0,-0.131083,A,A,-0.9563234114646142,0.28786657123022863,-0.9057682153698609,9.10533986186128,11.71011981151346,9.10533986186128,0.10150375939849623
33,Y,43,W,0,-0.13663,A,A,-1.000783439067246,0.28782337541037795,-0.9059789367141132,4.409174412517608,10.738811992022208,4.409174412517608,0.10486891385767791
20,A,30,F,0,-0.048075,A,A,-0.29100198163961644,0.287262692328802,-0.908715818682047,5.208553350019562,11.366310967064027,5.208553350019562,0.1044776119402985
21,V,29,V,0,-0.134921,A,A,-0.987085550627928,0.2862192186485329,-0.9138178702962532,6.57220761997063,9.700541273557882,6.57220761997063,0.10408921933085502
24,A,34,A,0,-0.15216500000000002,A,A,-1.1252987678588249,0.2853145726101842,-0.9182501490758592,11.33831993727466,9.630033904405531,9.630033904405531,0.1037037037037037
21,V,33,Y,0,-0.13055999999999998,A,A,-0.952131488905361,0.28508991671552003,-0.91935214938447,12.349461121846572,12.94269809583767,12.349461121846572,0.1033210332103321
27,E,49,T,0,-0.12074,A,A,-0.8734227326302856,0.2847888427624546,-0.9208298208251716,9.024025376737368,8.099327564680909,8.099327564680909,0.10294117647058823
26,A,37,N,0,-0.144447,A,A,-1.0634378533037294,0.2839808969501751,-0.9247998752030028,11.165479076152533,11.47375461651503,11.165479076152533,0.10256410256410256
24,A,31,K,0,-0.175231,A,A,-1.3101761784739872,0.2801008866609737,-0.9439612340530168,6.120929177829131,10.150880700707695,6.120929177829131,0.10218978102189781
43,W,49,T,0,-0.145811,A,A,-1.074370515580634,0.2751788842374109,-0.9685035132040288,7.638477727924588,9.01635247758205,7.638477727924588,0.10181818181818182
35,N,50,K,0,-0.084869,A,A,-0.5859113480739476,0.2719103002895181,-0.9849520209347022,16.08669204653337,10.185565080053241,10.185565080053241,0.10144927536231885
30,F,38,G,0,-0.161745,A,A,-1.202083888542656,0.2716429972683557,-0.9863026222057898,8.020505595035765,9.560618442339388,8.020505595035765,0.10108303249097472
20,A,40,D,0,-0.098384,A,A,-0.6942360773058872,0.2695785859096903,-0.996761700391315,18.44129434177547,13.799910760581026,13.799910760581026,0.10071942446043165
36,D,45,Y,0,-0.145932,A,A,-1.075340348524553,0.26930932492643306,-0.9981295913259608,15.842378514604428,12.637894049247286,12.637894049247286,0.1003584229390681
21,V,43,W,0,-0.187008,A,A,-1.4045705799659995,0.26859296816481665,-1.0017730157153208,13.514445049649654,6.396072388583484,6.396072388583484,0.1
19,E,41,G,0,0.108133,A,A,0.9610283035148656,0.26743134546874625,-1.0076941818798169,19.675533385400254,9.147745186656655,9.147745186656655,0.099644128113879
24,A,49,T,0,-0.147974,A,A,-1.0917072813467223,0.2652122496007622,-1.019051235249191,10.40233074844287,9.839014737259005,9.839014737259005,0.09929078014184398
33,Y,46,D,0,-0.168047,A,A,-1.25259535310941,0.262916521810518,-1.0308645791032631,13.964086400477475,12.910300499988374,12.910300499988374,0.0989399293286219
24,A,47,D,0,-0.167678,A,A,-1.249637763387872,0.2619207921166226,-1.0360090087089344,7.008706942082825,10.044487343812028,7.008706942082825,0.09859154929577464
25,T,31,K,0,-0.191574,A,A,-1.4411677470894206,0.2595455743706825,-1.0483317754461638,5.6832296275973215,6.998631937743264,5.6832296275973215,0.09824561403508772
30,F,37,N,0,-0.168166,A,A,-1.2535491557567355,0.2575276877715338,-1.0588583404038745,5.943976615028023,8.001012810888382,5.943976615028023,0.0979020979020979
32,Q,45,Y,0,-0.160127,A,A,-1.1891153785983508,0.2568504954440765,-1.0624030560783484,12.025821219359614,12.269101026562625,12.025821219359614,0.0975609756097561
39,V,50,K,0,-0.118551,A,A,-0.855877573008479,0.25434006456351577,-1.0755974372111026,15.274686412493056,15.740601163869187,15.274686412493056,0.09722222222222222
18,T,50,K,0,0.031323000000000004,A,A,0.3453847628337497,0.2526600891662148,-1.08447505190763,6.5657783240069865,14.453093855642122,6.5657783240069865,0.09688581314878893
36,D,49,T,0,-0.14548,A,A,-1.0717175014943765,0.2520342417834767,-1.0877922407675245,17.59576733194662,8.211085799088938,8.211085799088938,0.09655172413793103
26,A,38,G,0,-0.181676,A,A,-1.3618338092471909,0.2514303490402371,-1.0909982445865936,13.855235436469494,9.86625121310014,9.86625121310014,0.09621993127147767
28,K,38,G,0,-0.198476,A,A,-1.4964883006342855,0.2506765080890551,-1.0950074931838143,11.242456804453376,2.6360400224579306,2.6360400224579306,0.09931506849315068
26,A,48,A,0,-0.163805,A,A,-1.2185950940341688,0.2499474565742151,-1.0988925399079434,6.540046253659065,11.955379793214437,6.540046253659065,0.09897610921501707
29,V,37,N,0,-0.186453,A,A,-1.4001221726612474,0.24988166953093885,-1.099243484110259,7.392149687337235,7.3273756557174,7.3273756557174,0.09863945578231292
19,E,28,K,0,0.088784,A,A,0.8059431991190981,0.24927995048708695,-1.1024562479202802,8.326239307154221,2.276370795806344,2.276370795806344,0.1016949152542373
21,V,39,V,0,-0.173264,A,A,-1.294410381774081,0.2476824513680747,-1.111011019263175,20.44212760453275,12.708766029792192,12.708766029792192,0.10135135135135136
28,K,47,D,0,-0.169237,A,A,-1.2621333795826626,0.24679532833434306,-1.1157776362887812,11.947205572852589,7.801784731713635,7.801784731713635,0.10101010101010101
26,A,36,D,0,-0.17971800000000002,A,A,-1.3461401488819569,0.2442884787337716,-1.1293099008991327,10.909679234514643,8.136131820466037,8.136131820466037,0.10067114093959731
21,V,27,E,0,-0.192236,A,A,-1.446473775261936,0.2423172662704331,-1.1400168557680574,7.375581400811736,2.831825912728393,2.831825912728393,0.10367892976588629
27,E,41,G,0,-0.205507,A,A,-1.5528428083094443,0.2397283609248056,-1.1541693363975924,8.526567949650083,12.206709343635573,8.526567949650083,0.10333333333333333
35,N,49,T,0,-0.164838,A,A,-1.226874742224816,0.2353178022638139,-1.1785233691154873,15.495751869464097,6.331951436958436,6.331951436958436,0.10299003322259136
18,T,48,A,0,0.073031,A,A,0.679680567998806,0.23335105375827034,-1.1894850112143187,7.111362808913632,12.611246131925267,7.111362808913632,0.10264900662251655
33,Y,50,K,0,-0.148464,A,A,-1.0956347040121794,0.23219009698475476,-1.1959857606836066,12.333534813669598,12.790863497043505,12.333534813669598,0.10231023102310231
31,K,46,D,0,-0.206211,A,A,-1.5584854727104271,0.23098331302279615,-1.2027671989345,10.005806414277663,8.639478803724213,8.639478803724213,0.10197368421052631
19,E,26,A,0,0.0908,A,A,0.8221017380855494,0.2306280177225752,-1.2047684749419902,5.018977883991918,10.99412925155967,5.018977883991918,0.10163934426229508
22,D,48,A,0,-0.200398,A,A,-1.5118934156608328,0.229837900864674,-1.2092267294488301,8.138269349192125,9.745883541270128,8.138269349192125,0.10130718954248366
27,E,37,N,0,-0.222738,A,A,-1.6909518286124816,0.22962782998275064,-1.2104138679361842,10.994419402587841,8.431409490707944,8.431409490707944,0.10097719869706841
22,D,46,D,0,-0.216276,A,A,-1.6391579403182313,0.2282030759912751,-1.2184855469154852,10.097182824926962,8.760034760205007,8.760034760205007,0.10064935064935066
25,T,43,W,0,-0.206662,A,A,-1.5621003045923068,0.2257579895051235,-1.232420917162344,8.297832307295682,8.654206664969356,8.297832307295682,0.10032362459546926
19,E,33,Y,0,0.080332,A,A,0.7381991657141144,0.22511639028642114,-1.2360952784424537,8.843495406229371,11.92849743261908,8.843495406229371,0.1
34,A,40,D,0,-0.196773,A,A,-1.4828385030847484,0.22500703050293025,-1.236722309299573,4.602979252614549,9.484835370210703,4.602979252614549,0.10289389067524116
24,A,45,Y,0,-0.204633,A,A,-1.5458375686979962,0.22498891810852598,-1.236826180325456,5.966150936743052,9.74797025026236,5.966150936743052,0.10256410256410256
28,K,34,A,0,-0.207572,A,A,-1.5693940895424408,0.2184290804083584,-1.2748445067223813,6.069781791794496,4.926357985368097,4.926357985368097,0.10543130990415335
21,V,31,K,0,-0.211402,A,A,-1.60009210751938,0.21831136125862693,-1.2755341946348446,11.660705338872086,5.467815925943374,5.467815925943374,0.10509554140127389
22,D,28,K,0,-0.223794,A,A,-1.699415825213956,0.2154196675070514,-1.292560899081467,5.2954879850680445,6.7022690187726734,5.2954879850680445,0.10476190476190476
22,D,43,W,0,-0.223892,A,A,-1.7002013097470474,0.21297248860195364,-1.3071002092359691,10.392302632236996,9.551032876082042,9.551032876082042,0.10443037974683544
19,E,42,E,0,0.028605,A,A,0.3235995897629089,0.21277953483526293,-1.3082517608588202,19.169107073622392,6.031982841487531,6.031982841487531,0.10410094637223975
18,T,31,K,0,0.090739,A,A,0.8216128140394414,0.21073782307645594,-1.3204837395775963,6.879732044200559,7.173342944541272,6.879732044200559,0.10377358490566038
18,T,27,E,0,0.083715,A,A,0.7653144124023609,0.20945414039252547,-1.3282188532598145,5.190603336800068,8.887831794087916,5.190603336800068,0.10344827586206896
20,A,43,W,0,-0.173575,A,A,-1.296903092894402,0.2077435234406208,-1.338580914955895,10.556202252704331,6.293946059508298,6.293946059508298,0.103125
19,E,50,K,0,-0.057458,A,A,-0.36620811810896825,0.20705501356350486,-1.3427693212885758,7.289270676823573,10.089080731166742,7.289270676823573,0.102803738317757
44,T,50,K,0,-0.196947,A,A,-1.4842331388884007,0.20012199047286652,-1.3855320949823189,7.775200383269873,10.92944710403962,7.775200383269873,0.10248447204968944
18,T,38,G,0,0.076188,A,A,0.7049843911719643,0.20000800221109136,-1.3862443480509623,14.588821096990666,12.575388582465354,12.575388582465354,0.1021671826625387
28,K,44,T,0,-0.228218,A,A,-1.734874841279224,0.19879321584661425,-1.3938539031261752,10.477462335890309,14.115875920395448,10.477462335890309,0.10185185185185185
20,A,33,Y,0,-0.143112,A,A,-1.0527376303274334,0.19808741146231268,-1.3982912047718898,9.670677380618175,13.62974783332399,9.670677380618175,0.10153846153846154
32,Q,50,K,0,-0.161127,A,A,-1.1971305268952022,0.197206528110288,-1.403845939583975,14.073161123216062,8.274613767421416,8.274613767421416,0.10122699386503067
28,K,49,T,0,-0.205684,A,A,-1.5542614895579867,0.19687345150549326,-1.4059511519882286,11.37495661530188,5.7948582381280005,5.7948582381280005,0.10091743119266056
34,A,46,D,0,-0.233479,A,A,-1.7770425364689568,0.19481641277498726,-1.4190126679308055,13.461124210109643,12.495378745760371,12.495378745760371,0.10060975609756098
21,V,48,A,0,-0.246524,A,A,-1.8816001460013765,0.19238579713759293,-1.4345817567346053,10.126965438866671,8.70685999657741,8.70685999657741,0.10030395136778116
27,E,47,D,0,-0.232875,A,A,-1.7722013868976594,0.1910254182888304,-1.4433609979335251,8.888189973217266,12.803085799915582,8.888189973217266,0.1
18,T,36,D,0,0.06339199999999999,A,A,0.6024225535654604,0.1900086931090565,-1.44995369105609,10.18886789589501,9.377412542913957,9.377412542913957,0.09969788519637462
30,F,50,K,0,-0.197463,A,A,-1.4883689554095756,0.1887337661366631,-1.4582589015362908,4.787556892612351,13.696133176922604,4.787556892612351,0.10240963855421686
27,E,45,Y,0,-0.240541,A,A,-1.8336455137413172,0.18482777005180406,-1.4839749972435246,4.701252918105981,11.72929554576915,4.701252918105981,0.10510510510510511
18,T,29,V,0,0.070974,A,A,0.6631934079521838,0.184642089426534,-1.4852078714448682,2.338029939928061,7.768215432131117,2.338029939928061,0.10778443113772455
18,T,43,W,0,0.028097000000000004,A,A,0.31952789442810875,0.17905152650302142,-1.5227867248449851,7.895189991380828,7.795083835341353,7.795083835341353,0.10746268656716418
19,E,38,G,0,0.009111,A,A,0.16735228886409792,0.17860559250795774,-1.5258234120052716,18.303864591937952,12.841911462083827,12.841911462083827,0.10714285714285714
25,T,48,A,0,-0.258863,A,A,-1.98049906083622,0.17453144660533826,-1.5538462334451233,10.156257676920173,9.665136367377338,9.665136367377338,0.10682492581602374
18,T,32,Q,0,0.040060000000000005,A,A,0.4154131135033358,0.17304420533704615,-1.5642041569134897,6.554282111719025,4.515248165937283,4.515248165937283,0.10946745562130178
26,A,32,Q,0,-0.266789,A,A,-2.0440271262370597,0.16907515490320016,-1.5921960320112492,5.567443488711852,6.999414689815139,5.567443488711852,0.10914454277286136
29,V,47,D,0,-0.276744,A,A,-2.12381792753221,0.1689212628989779,-1.5932918338357958,13.340627421527069,12.926710679828805,12.926710679828805,0.10882352941176471
19,E,37,N,0,-0.003287,A,A,0.06798048027974073,0.16719831794970602,-1.60561489656113,13.59631483160051,12.370280675877973,12.370280675877973,0.10850439882697947
19,E,34,A,0,0.010981,A,A,0.18234061617920905,0.16169376362713744,-1.6456792726361493,10.800058749840206,13.318306949458705,10.800058749840206,0.10818713450292397
24,A,33,Y,0,-0.294286,A,A,-2.2644196589555685,0.1590434304334172,-1.6653627049181785,10.197935575399562,10.457836583156192,10.197935575399562,0.10787172011661808
20,A,35,N,0,-0.225583,A,A,-1.7137549255170224,0.15229558995130482,-1.7167086988161475,14.307171698137966,10.480960022822341,10.480960022822341,0.10755813953488372
20,A,41,G,0,-0.223108,A,A,-1.6939174334823164,0.14685152973185164,-1.7595115143728701,18.688646901260668,11.327446887979653,11.327446887979653,0.1072463768115942
18,T,40,D,0,0.0064340000000000005,A,A,0.1458957368734281,0.14538032074293605,-1.7713033401003626,15.26852212887678,10.465403623367807,10.465403623367807,0.1069364161849711
18,T,46,D,0,-0.011774,A,A,-4.4083315632682206e-05,0.1452365834703002,-1.7724607019025802,11.231290842997524,9.962172955736113,9.962172955736113,0.10662824207492795
18,T,25,T,0,0.004369,A,A,0.12934445564043104,0.1391589745217234,-1.8222928667843243,5.053942817246749,9.290174487058897,5.053942817246749,0.10632183908045977
19,E,43,W,0,-0.067691,A,A,-0.4482271306306432,0.1360637324996462,-1.84837560432784,12.152442923132778,2.772710947790988,2.772710947790988,0.10888252148997135
19,E,27,E,0,-0.055972,A,A,-0.3542976077398478,0.13311027455906765,-1.8737338610300944,8.149308068787189,7.165863730214244,7.165863730214244,0.10857142857142857
20,A,39,V,0,-0.239067,A,A,-1.8218311851517597,0.13224890542129955,-1.881219122023145,16.601136738187538,14.632544686417328,14.632544686417328,0.10826210826210826
19,E,36,D,0,-0.07216499999999999,A,A,-0.484086904110754,0.1198399750805258,-1.9939464256102342,12.960755880734736,10.759095640433726,10.759095640433726,0.10795454545454546
19,E,32,Q,0,-0.07495,A,A,-0.5064090921174838,0.11964352925705528,-1.995810173540012,9.428484660856167,7.577091064518099,7.577091064518099,0.10764872521246459
19,E,40,D,0,-0.07105,A,A,-0.4751500137597653,0.11944967293385107,-1.9976519480077572,18.980827458253763,11.532518415333229,11.532518415333229,0.10734463276836158
20,A,47,D,0,-0.297775,A,A,-2.292384511363281,0.11309659265608887,-2.059493822389863,9.85255997190578,6.4332705523707,6.4332705523707,0.10704225352112676
18,T,49,T,0,-0.10437,A,A,-0.7422147550108367,0.11294776711418833,-2.060978393787573,9.234643090017071,13.927045738418467,9.234643090017071,0.10674157303370786
18,T,28,K,0,-0.060453,A,A,-0.39021348725803656,0.1075310353079692,-2.1162122331538917,6.359301455348694,3.086120218008367,3.086120218008367,0.1092436974789916
18,T,37,N,0,-0.06172100000000001,A,A,-0.4003766952984436,0.10690978881185216,-2.122702212500839,10.013234742080103,9.66253993523442,9.66253993523442,0.10893854748603352
18,T,35,N,0,-0.06237300000000001,A,A,-0.4056025719879903,0.10690968602888792,-2.122703288987174,11.164433572734445,8.643934636495118,8.643934636495118,0.10863509749303621
18,T,30,F,0,-0.039706,A,A,-0.2239232055432714,0.10430893839743363,-2.150238498944575,2.3136883973430824,9.816167327424692,2.3136883973430824,0.1111111111111111
18,T,39,V,0,-0.054492999999999986,A,A,-0.3424432034088053,0.10349815898943816,-2.158946521590848,13.007795316655317,10.982805880101859,10.982805880101859,0.11080332409972299
18,T,44,T,0,-0.07195900000000001,A,A,-0.4824357835616029,0.10216873948158173,-2.1733563896982315,11.428008881690632,7.67890154904984,7.67890154904984,0.11049723756906077
19,E,44,T,0,-0.126112,A,A,-0.9164801092809683,0.09602053646809787,-2.2422445526695958,14.87121639275012,2.635056166384314,2.635056166384314,0.11294765840220386
19,E,31,K,0,-0.120062,A,A,-0.8679884620850206,0.09567813828303873,-2.2461955064778087,10.813515154657159,7.293850629125879,7.293850629125879,0.11263736263736264
19,E,45,Y,0,-0.124034,A,A,-0.8998246311201122,0.09329117920309524,-2.274095801986621,9.873027094057829,1.99550219243177,1.99550219243177,0.11506849315068493
18,T,41,G,0,-0.104308,A,A,-0.7417178158164318,0.08340132751100375,-2.3970054971386747,15.950353381665247,12.552113367875545,12.552113367875545,0.11475409836065574
18,T,26,A,0,-0.087804,A,A,-0.6094358083252049,0.08248895238367521,-2.409000246982035,2.647657077493232,10.778121032907361,2.647657077493232,0.11716621253405994
18,T,34,A,0,-0.087755,A,A,-0.6090430660586593,0.08218266735339651,-2.4130539663950197,7.003241106801908,11.166153769315558,7.003241106801908,0.11684782608695653
19,E,46,D,0,-0.173933,A,A,-1.2997725159846745,0.08075643679357884,-2.4321134463939083,12.621336735861219,5.345267907224109,5.345267907224109,0.11653116531165311
18,T,42,E,0,-0.137888,A,A,-1.010866495624685,0.07971398040221807,-2.446239529354727,15.271084637313749,9.861072811819202,9.861072811819202,0.11621621621621622
19,E,29,V,0,-0.15287,A,A,-1.1309494474081043,0.0771111129235952,-2.4822614382151333,4.774056346546404,8.79849333692991,4.774056346546404,0.11859838274932614
18,T,33,Y,0,-0.117605,A,A,-0.8482952427196581,0.07269071399858203,-2.54607350581392,6.050890347709171,9.480163764408292,6.050890347709171,0.11827956989247312
19,E,35,N,0,-0.180817,A,A,-1.354948796860196,0.07089035376239056,-2.5730923877845,15.098365673144892,10.02525156791589,10.02525156791589,0.11796246648793565
19,E,30,F,0,-0.188509,A,A,-1.4166013175595726,0.0608343421602009,-2.7368374154006028,5.815975412602774,11.143095350933692,5.815975412602774,0.11764705882352941
18,T,45,Y,0,-0.170159,A,A,-1.2695233463123592,0.05987791072971601,-2.7537020810430985,7.86979974332257,7.87995266483245,7.86979974332257,0.11733333333333333
19,E,48,A,0,-0.276542,A,A,-2.122198867576246,0.05344159317471782,-2.8742433357751103,9.32421868040427,9.38808638647941,9.32421868040427,0.11702127659574468
19,E,39,V,0,-0.249105,A,A,-1.9022872437555491,0.04760197943282062,-2.9961086911517776,17.15873754097311,12.956346514353497,12.956346514353497,0.11671087533156499
18,T,47,D,0,-0.302491,A,A,-2.3301839507312296,0.033163227345551,-3.3725880315414245,10.489274760439828,10.450232724681303,10.450232724681303,0.1164021164021164
