segment,mutant,pos,wt,subs,frequency,column_conservation,prediction_epistatic,prediction_independent
,T18A,18,T,A,0.01915615238249302,0.28735330068015963,-2.411078327568248,-0.8814379237930131
,T18C,18,T,C,0.00837975088506937,0.28735330068015963,-4.424043416278437,-1.705314142308449
,T18D,18,T,D,0.0019454770954325795,0.28735330068015963,-5.98362338624429,-3.134451961215603
,T18E,18,T,E,0.00583643140271306,0.28735330068015963,-5.254274643957615,-2.0639069772287586
,T18F,18,T,F,0.03202464058995247,0.28735330068015963,-2.4791838119272143,-0.36803023432704574
,T18G,18,T,G,0.001971416873857379,0.28735330068015963,-5.617541445652023,-3.1218350730732296
,T18H,18,T,H,0.4485221207141876,0.28735330068015963,-4.7227261022198945,2.2717057109796466
,T18I,18,T,I,0.019043974578380585,0.28735330068015963,-3.2542734905146062,-0.8873013833990937
,T18K,18,T,K,0.0338272824883461,0.28735330068015963,-3.9260710447560996,-0.3132904175343134
,T18L,18,T,L,0.05213667079806328,0.28735330068015963,-3.7837310296017677,0.11924268450702247
,T18M,18,T,M,0.039778340607881546,0.28735330068015963,-3.7745593310100958,-0.15128055171278942
,T18N,18,T,N,0.02322743460536003,0.28735330068015963,-3.6040635979152285,-0.688973148805394
,T18P,18,T,P,0.04500257968902588,0.28735330068015963,-4.23977322364226,-0.027900609484253103
,T18Q,18,T,Q,0.01972297951579094,0.28735330068015963,-4.665788156329654,-0.852320926574317
,T18R,18,T,R,0.036949291825294495,0.28735330068015963,-3.130235672229901,-0.2250397669905616
,T18S,18,T,S,0.01541925873607397,0.28735330068015963,-3.8318142218486173,-1.0980263824810623
,T18V,18,T,V,0.07701470702886581,0.28735330068015963,-2.4263416102621704,0.5094073317868977
,T18W,18,T,W,0.0,0.28735330068015963,-7.231545706716133,-5.755445971925495
,T18Y,18,T,Y,0.07376552373170853,0.28735330068015963,-3.3516281482297927,0.4662957351290895
,E19A,19,E,A,0.018901512026786804,0.5458110909229871,-2.307179017108865,-1.6549812305059923
,E19C,19,E,C,0.0018220077035948634,0.5458110909229871,-5.033837451948784,-3.973954606489754
,E19D,19,E,D,0.04131520912051201,0.5458110909229871,-2.417251505772583,-0.8725294519616673
,E19F,19,E,F,0.0002397701027803123,0.5458110909229871,-6.135729070927482,-5.713060477317786
,E19G,19,E,G,0.0018115962157025933,0.5458110909229871,-5.149436033447273,-3.979490156327943
,E19H,19,E,H,0.003885197453200817,0.5458110909229871,-4.163682610029355,-3.2321795354888545
,E19I,19,E,I,0.00809399038553238,0.5458110909229871,-4.156542558106594,-2.5024874777924704
,E19K,19,E,K,0.07746460288763046,0.5458110909229871,0.6264516505179927,-0.24351058901189182
,E19L,19,E,L,0.0033088286872953176,0.5458110909229871,-4.691247190232389,-3.3908053916850496
,E19M,19,E,M,0.002639975631609559,0.5458110909229871,-4.963970112032257,-3.6128726018744644
,E19N,19,E,N,0.012877004221081734,0.5458110909229871,-3.5015363052953035,-2.038772574067102
,E19P,19,E,P,0.0,0.5458110909229871,-6.439663632801967,-6.736952556086927
,E19Q,19,E,Q,0.6586410403251648,0.5458110909229871,-2.4208603223087266,1.8976436694580543
,E19R,19,E,R,0.006256142631173134,0.5458110909229871,-3.820112582645379,-2.759187594469078
,E19S,19,E,S,0.014391670934855938,0.5458110909229871,-2.8465517732547596,-1.9275991063212947
,E19T,19,E,T,0.02439172752201557,0.5458110909229871,-2.9545023748651147,-1.399865461572841
,E19V,19,E,V,0.025150934234261513,0.5458110909229871,-3.9520298769930378,-1.3691970975217331
,E19W,19,E,W,0.0,0.5458110909229871,-6.439663632801967,-6.736952556086927
,E19Y,19,E,Y,0.0,0.5458110909229871,-6.439663632801967,-6.736952556086926
,A20C,20,A,C,0.003366677090525627,0.19799035704211554,-6.264801087323576,-3.02913016558312
,A20D,20,A,D,0.051670193672180176,0.19799035704211554,-4.447858133964473,-0.31373217288021116
,A20E,20,A,E,0.039954811334609985,0.19799035704211554,-3.6246680868789554,-0.5708465796443171
,A20F,20,A,F,0.09755035489797592,0.19799035704211554,-4.992199848406017,0.32184201389099765
,A20G,20,A,G,0.00514903524890542,0.19799035704211554,-5.469637452159077,-2.611819069281807
,A20H,20,A,H,0.00209809304215014,0.19799035704211554,-6.951797674642876,-3.4866983407211523
,A20I,20,A,I,0.01292648259550333,0.19799035704211554,-5.088485003914684,-1.6979118896126388
,A20K,20,A,K,0.13239869475364685,0.19799035704211554,-4.534619314596057,0.6273570990022235
,A20L,20,A,L,0.0013226231094449759,0.19799035704211554,-6.312727598524361,-3.9213756504515844
,A20M,20,A,M,0.0,0.19799035704211554,-8.406777303374838,-6.183816526526762
,A20N,20,A,N,0.03629853576421738,0.19799035704211554,-3.632187115843408,-0.6667975102385666
,A20P,20,A,P,0.007294466719031334,0.19799035704211554,-5.871603610110469,-2.2670955019793575
,A20Q,20,A,Q,0.1672622114419937,0.19799035704211554,-4.81355101428926,0.8611534871480122
,A20R,20,A,R,0.16313815116882324,0.19799035704211554,-5.757183747366071,0.8361827136796316
,A20S,20,A,S,0.01991906203329563,0.19799035704211554,-4.66183643694967,-1.2664535713679796
,A20T,20,A,T,0.022052759304642677,0.19799035704211554,-4.958584755891934,-1.1648202104648668
,A20V,20,A,V,0.013606985099613667,0.19799035704211554,-5.255540647194721,-1.6467609246143724
,A20W,20,A,W,0.017955580726265907,0.19799035704211554,-5.382720908150077,-1.3700688037952842
,A20Y,20,A,Y,0.13532543182373047,0.19799035704211554,-5.63381571508944,0.6492266364590067
,V21A,21,V,A,0.12336369603872299,0.3429272681342478,-1.9323174082674086,1.7931516638424863
,V21C,21,V,C,0.0012067232746630907,0.3429272681342478,-5.5890035992488265,-2.772813675119311
,V21D,21,V,D,0.019431760534644127,0.3429272681342478,-3.4553015106357634,-0.05489720070614526
,V21E,21,V,E,0.03403405845165253,0.3429272681342478,-3.554161161184311,0.5051984369279668
,V21F,21,V,F,0.023986151441931725,0.3429272681342478,-3.8982322176452726,0.15546765881774055
,V21G,21,V,G,0.016176611185073853,0.3429272681342478,-2.9285494866780937,-0.2379636653465416
,V21H,21,V,H,0.010641878470778465,0.3429272681342478,-3.193478404544294,-0.6555761659419104
,V21I,21,V,I,0.0027369330637156963,0.3429272681342478,-4.151015251409262,-1.9957567052763712
,V21K,21,V,K,0.06842606514692307,0.3429272681342478,-2.657846603076905,1.2036249016112668
,V21L,21,V,L,0.021150177344679832,0.3429272681342478,-2.4241833090782166,0.029747873490321652
,V21M,21,V,M,0.0031205194536596537,0.3429272681342478,-4.627457125578076,-1.8681105555969857
,V21N,21,V,N,0.030204640701413155,0.3429272681342478,-3.347982652951032,0.3858650448345078
,V21P,21,V,P,0.007168008480221033,0.3429272681342478,-3.7719567613094114,-1.048560507184122
,V21Q,21,V,Q,0.014448295347392559,0.3429272681342478,-2.753133848775178,-0.3507242437564049
,V21R,21,V,R,0.02774187922477722,0.3429272681342478,-3.554182637948543,0.30084746804155316
,V21S,21,V,S,0.08111895620822906,0.3429272681342478,-2.771874350728467,1.3738256258310815
,V21T,21,V,T,0.016767479479312897,0.3429272681342478,-3.3301015572506003,-0.2021515138621599
,V21W,21,V,W,0.0,0.3429272681342478,-6.697649916168302,-4.974083043684745
,V21Y,21,V,Y,0.47774654626846313,0.3429272681342478,-4.0485027129761875,3.1473823390962186
,D22A,22,D,A,0.008630585856735706,0.5963221098315041,-4.200710418866947,-1.9639044989198655
,D22C,22,D,C,0.0010112167801707983,0.5963221098315041,-6.831533039454371,-4.0791788629867
,D22E,22,D,E,0.009109149686992168,0.5963221098315041,-4.509645222686231,-1.9098799803921334
,D22F,22,D,F,0.0,0.5963221098315041,-7.826232019637246,-6.453201502729625
,D22G,22,D,G,0.0015168251702561975,0.5963221098315041,-6.300772875081748,-3.689419409197754
,D22H,22,D,H,0.0,0.5963221098315041,-7.826232019637246,-6.453201502729625
,D22I,22,D,I,6.454574759118259e-05,0.5963221098315041,-7.708116480760509,-6.0245441929271575
,D22K,22,D,K,0.003128451993688941,0.5963221098315041,-6.04329744214192,-2.976817148746432
,D22L,22,D,L,0.01969725824892521,0.5963221098315041,-4.495223733596504,-1.137473629390716
,D22M,22,D,M,0.0,0.5963221098315041,-7.826232019637246,-6.453201502729623
,D22N,22,D,N,0.07669569551944733,0.5963221098315041,-3.4289545258507133,0.2237642449337236
,D22P,22,D,P,0.009100951254367828,0.5963221098315041,-4.4550969721749425,-1.9107814132617718
,D22Q,22,D,Q,0.0,0.5963221098315041,-7.826232019637246,-6.453201502729625
,D22R,22,D,R,0.005486179143190384,0.5963221098315041,-5.008236746187322,-2.4170711362342976
,D22S,22,D,S,0.6526123881340027,0.5963221098315041,-3.5167890675365925,2.3660082615229423
,D22T,22,D,T,0.15006351470947266,0.5963221098315041,-3.6481685116887093,0.8955102038074112
,D22V,22,D,V,0.0015505325281992555,0.5963221098315041,-6.144527425523847,-3.6680401628770323
,D22W,22,D,W,0.0,0.5963221098315041,-7.826232019637246,-6.453201502729627
,D22Y,22,D,Y,0.0,0.5963221098315041,-7.826232019637246,-6.453201502729626
,A23C,23,A,C,0.0020127620082348585,0.2554287314324106,-5.972304385955795,-3.0094216068338175
,A23D,23,A,D,0.003087759716436267,0.2554287314324106,-4.974394173594192,-2.596450153763728
,A23E,23,A,E,0.015850501134991646,0.2554287314324106,-4.707764991559088,-0.9774316931980301
,A23F,23,A,F,0.020352678373456,0.2554287314324106,-4.944750800728798,-0.7278479725818
,A23G,23,A,G,0.001509571447968483,0.2554287314324106,-6.338544786674902,-3.281481643941947
,A23H,23,A,H,0.017155291512608528,0.2554287314324106,-3.8847808863501996,-0.8984847964144589
,A23I,23,A,I,0.10806310921907425,0.2554287314324106,-4.363374947570264,0.9413231788643837
,A23K,23,A,K,0.18917499482631683,0.2554287314324106,-3.1701976793119684,1.5014039212979833
,A23L,23,A,L,0.0985332503914833,0.2554287314324106,-3.403076225600671,0.8489820476934076
,A23M,23,A,M,0.009402782656252384,0.2554287314324106,-4.334923069109209,-1.4977818733882928
,A23N,23,A,N,0.0057866936549544334,0.2554287314324106,-4.3907309006899595,-1.9794159123348358
,A23P,23,A,P,0.12500716745853424,0.2554287314324106,-3.5614653984084725,1.0870110159392987
,A23Q,23,A,Q,0.030204467475414276,0.2554287314324106,-3.737091511953622,-0.3334102704840618
,A23R,23,A,R,0.02052736096084118,0.2554287314324106,-4.672277018427849,-0.719312945778125
,A23S,23,A,S,0.006800791248679161,0.2554287314324106,-4.657922108890489,-1.8195232878786047
,A23T,23,A,T,0.26600977778434753,0.2554287314324106,-3.404442422091961,1.8423335472624698
,A23V,23,A,V,0.026725780218839645,0.2554287314324106,-2.481674845330417,-0.4556993858312299
,A23W,23,A,W,0.001509571447968483,0.2554287314324106,-6.333264772314578,-3.281481643941947
,A23Y,23,A,Y,0.010124691762030125,0.2554287314324106,-5.536662177415565,-1.4241792049981732
,A24C,24,A,C,3.4230833989568055e-05,0.3444363030113061,-5.855054609448416,-6.606572392314835
,A24D,24,A,D,0.13630430400371552,0.3444363030113061,-0.7704227842041291,0.12272138907086072
,A24E,24,A,E,0.4393657445907593,0.3444363030113061,0.4542119783582166,1.2934585197640711
,A24F,24,A,F,0.004492107313126326,0.3444363030113061,-2.4621454584412277,-3.2829780375342152
,A24G,24,A,G,0.01820085570216179,0.3444363030113061,-1.3891416662954725,-1.890894621123719
,A24H,24,A,H,0.015691421926021576,0.3444363030113061,-2.4574496519053355,-2.0390824372853813
,A24I,24,A,I,0.009089517407119274,0.3444363030113061,-2.2640357175841928,-2.5836851033039956
,A24K,24,A,K,0.04423297196626663,0.3444363030113061,-3.3598639289848506,-1.0030630962799412
,A24L,24,A,L,0.03190582990646362,0.3444363030113061,-2.735692779882811,-1.3297873102361573
,A24M,24,A,M,0.003073977306485176,0.3444363030113061,-3.4791600548196584,-3.6558099311630072
,A24N,24,A,N,0.010938364081084728,0.3444363030113061,-1.9668161757290363,-2.3991767694279207
,A24P,24,A,P,0.0,0.3444363030113061,-5.9041339996038005,-6.798563557653946
,A24Q,24,A,Q,0.06562847644090652,0.3444363030113061,-1.9042838006280363,-0.6084087575280215
,A24R,24,A,R,0.037938009947538376,0.3444363030113061,-2.1486369580961764,-1.1566088942787822
,A24S,24,A,S,0.023925213143229485,0.3444363030113061,-1.97449035954196,-1.6175979272710768
,A24T,24,A,T,0.011891585774719715,0.3444363030113061,-3.135964796412736,-2.3158467479993656
,A24V,24,A,V,0.021780192852020264,0.3444363030113061,-3.023923123779241,-1.7114891104034358
,A24W,24,A,W,0.00021516525885090232,0.3444363030113061,-5.637450090027414,-5.921297325463929
,A24Y,24,A,Y,0.004724651109427214,0.3444363030113061,-3.6058789119124413,-3.2331326037218266
,T25A,25,T,A,0.039322879165410995,0.4590152718516163,-1.4969968762015924,0.8749484631364447
,T25C,25,T,C,0.0,0.4590152718516163,-6.31749477313133,-4.893573057706521
,T25D,25,T,D,0.05157703906297684,0.4590152718516163,-2.553308697999455,1.1463687596956196
,T25E,25,T,E,0.3144853413105011,0.4590152718516163,-2.6103888739598915,2.955017216864756
,T25F,25,T,F,0.024752531200647354,0.4590152718516163,-3.488068868755363,0.4118685352560155
,T25G,25,T,G,0.006354966200888157,0.4590152718516163,-3.5871995146153495,-0.9457276947989313
,T25H,25,T,H,0.021305451169610023,0.4590152718516163,-2.4325351681327447,0.26187313488153185
,T25I,25,T,I,0.01151813194155693,0.4590152718516163,-3.4364224957535043,-0.35285936451746525
,T25K,25,T,K,0.015892069786787033,0.4590152718516163,-3.4996312257135287,-0.031235148074913344
,T25L,25,T,L,0.004685838706791401,0.4590152718516163,-3.3027798746479675,-1.2482663056451377
,T25M,25,T,M,0.0002079938567476347,0.4590152718516163,-6.079134373940178,-3.9881933727013
,T25N,25,T,N,0.44860416650772095,0.4590152718516163,-2.5882172604324296,3.3103049517352012
,T25P,25,T,P,0.003012328641489148,0.4590152718516163,-3.61025099157996,-1.6842430955417593
,T25Q,25,T,Q,0.022717943415045738,0.4590152718516163,-3.0306429736083373,0.3260752762147444
,T25R,25,T,R,0.004518487025052309,0.4590152718516163,-3.6025175891118124,-1.2842930279986664
,T25S,25,T,S,0.008568666875362396,0.4590152718516163,-3.6387517160037532,-0.6480522138540532
,T25V,25,T,V,0.006052777636796236,0.4590152718516163,-2.944994060555473,-0.9941765103832605
,T25W,25,T,W,0.0,0.4590152718516163,-6.31749477313133,-4.893573057706522
,T25Y,25,T,Y,2.6895757400779985e-05,0.4590152718516163,-6.281716726021841,-4.729067112130291
,A26C,26,A,C,0.0,0.654925566166726,-7.837969510612311,-8.464480902249093
,A26D,26,A,D,0.0,0.654925566166726,-7.837969510612311,-8.464480902249093
,A26E,26,A,E,0.0030557592399418354,0.654925566166726,-5.554047812707722,-4.922984737851908
,A26F,26,A,F,0.006040314212441444,0.654925566166726,-5.382496297825128,-4.241932140500391
,A26G,26,A,G,0.01640138030052185,0.654925566166726,-4.086383524816483,-3.240748171972925
,A26H,26,A,H,0.0015061561716720462,0.654925566166726,-6.4142095083370805,-5.622734847339098
,A26I,26,A,I,0.0,0.654925566166726,-7.837969510612311,-8.464480902249093
,A26K,26,A,K,0.005271546542644501,0.654925566166726,-4.973160022404045,-4.378233433444681
,A26L,26,A,L,0.0022592341993004084,0.654925566166726,-6.026610006112605,-5.223132609145508
,A26M,26,A,M,0.0017571820644661784,0.654925566166726,-6.060971329221502,-5.471403826132868
,A26N,26,A,N,0.00627565011382103,0.654925566166726,-5.29595190146938,-4.203650953100097
,A26P,26,A,P,0.0,0.654925566166726,-7.837969510612311,-8.464480902249093
,A26Q,26,A,Q,0.5125300288200378,0.654925566166726,-4.439583288971335,0.20514634531874787
,A26R,26,A,R,0.018952462822198868,0.654925566166726,-4.67242890316993,-3.0958393653452423
,A26S,26,A,S,0.008283859118819237,0.654925566166726,-4.652020383160561,-3.925467916257451
,A26T,26,A,T,9.067767337000987e-07,0.654925566166726,-7.836804467107868,-8.45682355690605
,A26V,26,A,V,0.00016946559480857104,0.654925566166726,-7.595965384331066,-7.509321660724923
,A26W,26,A,W,0.0,0.654925566166726,-7.837969510612311,-8.464480902249093
,A26Y,26,A,Y,0.0,0.654925566166726,-7.837969510612311,-8.464480902249093
,E27A,27,E,A,0.13757862150669098,0.23230047570399392,-3.5179938783985563,-0.6570951966615239
,E27C,27,E,C,0.0025149951688945293,0.23230047570399392,-6.497772107133642,-4.63878332787832
,E27D,27,E,D,0.012818864546716213,0.23230047570399392,-5.400743929902092,-3.0297373467219466
,E27F,27,E,F,0.011503300629556179,0.23230047570399392,-4.006731902249157,-3.1377238094826514
,E27G,27,E,G,0.007301316596567631,0.23230047570399392,-4.765999902272597,-3.590194583873573
,E27H,27,E,H,0.011708124540746212,0.23230047570399392,-5.156557674054056,-3.1201275549987932
,E27I,27,E,I,0.029645364731550217,0.23230047570399392,-3.804687605937943,-2.1922731669592173
,E27K,27,E,K,0.14205396175384521,0.23230047570399392,-3.747225308092311,-0.6250745392227852
,E27L,27,E,L,0.06512503325939178,0.23230047570399392,-3.810181577457115,-1.405200526102887
,E27M,27,E,M,0.04711853340268135,0.23230047570399392,-3.803251658420777,-1.7289137870302014
,E27N,27,E,N,0.006110869348049164,0.23230047570399392,-4.551699762465432,-3.7668197415317897
,E27P,27,E,P,6.70412464387482e-06,0.23230047570399392,-7.981549189891666,-7.521206172550034
,E27Q,27,E,Q,0.028492212295532227,0.23230047570399392,-4.48624096554704,-2.231938434570755
,E27R,27,E,R,0.08618276566267014,0.23230047570399392,-3.5822066280525178,-1.1249597774794904
,E27S,27,E,S,0.08856267482042313,0.23230047570399392,-4.561753923306242,-1.0977113925836843
,E27T,27,E,T,0.03724493086338043,0.23230047570399392,-3.801896389806643,-1.9640853838434797
,E27V,27,E,V,0.020662838593125343,0.23230047570399392,-3.978226600913331,-2.553061882287604
,E27W,27,E,W,0.0,0.23230047570399392,-7.992205371992895,-7.560417284285855
,E27Y,27,E,Y,0.0,0.23230047570399392,-7.992205371992895,-7.560417284285855
,K28A,28,K,A,0.27830183506011963,0.26082396554120457,-3.5371664380654693,1.2966159908920964
,K28C,28,K,C,0.0015151269035413861,0.26082396554120457,-6.279190030996688,-3.874477293983997
,K28D,28,K,D,0.15650883316993713,0.26082396554120457,-2.57527595362626,0.7208780637565124
,K28E,28,K,E,0.17731252312660217,0.26082396554120457,-2.0624189767986536,0.8457136604388054
,K28F,28,K,F,0.0,0.26082396554120457,-7.639149577764329,-6.311738067643922
,K28G,28,K,G,0.011694064363837242,0.26082396554120457,-5.076345131150447,-1.872310125824571
,K28H,28,K,H,0.009584398008883,0.26082396554120457,-3.6053722742944956,-2.070551019438238
,K28I,28,K,I,0.012295134365558624,0.26082396554120457,-4.751314185094088,-1.8223283458967727
,K28L,28,K,L,0.022752540186047554,0.26082396554120457,-5.311072749085724,-1.2077750861082361
,K28M,28,K,M,0.01182336825877428,0.26082396554120457,-3.786226477008313,-1.8613458557826636
,K28N,28,K,N,0.057968489825725555,0.26082396554120457,-3.1706930017098784,-0.27261984788536586
,K28P,28,K,P,0.0018543602200224996,0.26082396554120457,-6.3127196214627475,-3.682962102308112
,K28Q,28,K,Q,0.0689709410071373,0.26082396554120457,-2.812681518495083,-0.09878962098059851
,K28R,28,K,R,0.03958428278565407,0.26082396554120457,-3.6839276989921927,-0.654148261514939
,K28S,28,K,S,0.028171183541417122,0.26082396554120457,-4.079627268947661,-0.9942481999527568
,K28T,28,K,T,0.026975249871611595,0.26082396554120457,-3.6140444039483555,-1.037614381585933
,K28V,28,K,V,0.017011528834700584,0.26082396554120457,-5.051343655213714,-1.4982785081951264
,K28W,28,K,W,0.0,0.26082396554120457,-7.639149577764329,-6.311738067643923
,K28Y,28,K,Y,0.0015457975678145885,0.26082396554120457,-4.8568122033029795,-3.8556020090885665
,V29A,29,V,A,0.5944613218307495,0.45732027621526117,0.6174278049729764,1.7160514185361881
,V29C,29,V,C,0.0039591011591255665,0.45732027621526117,-2.740888009313494,-3.288283512119083
,V29D,29,V,D,0.001506179803982377,0.45732027621526117,-3.0919259758666158,-4.225048351368716
,V29E,29,V,E,0.012567098252475262,0.45732027621526117,-0.6008101439801976,-2.1408226177193557
,V29F,29,V,F,0.03791668638586998,0.45732027621526117,-0.5915446858853102,-1.0370521004761797
,V29G,29,V,G,0.007801852189004421,0.45732027621526117,-1.6741757653653622,-2.6160184609669024
,V29H,29,V,H,0.01358024962246418,0.45732027621526117,-0.961728086695075,-2.063422197133254
,V29I,29,V,I,0.0369175486266613,0.45732027621526117,0.5652692937292159,-1.0637628314835395
,V29K,29,V,K,0.019377803429961205,0.45732027621526117,-1.4161786432377994,-1.7082711485982678
,V29L,29,V,L,0.02870933711528778,0.45732027621526117,-1.2933898642659187,-1.3152642167215574
,V29M,29,V,M,0.008345021866261959,0.45732027621526117,-2.204212047625333,-2.5490224143956994
,V29N,29,V,N,0.001506179803982377,0.45732027621526117,-3.1338283519726247,-4.225048351368716
,V29P,29,V,P,6.024718823027797e-05,0.45732027621526117,-4.499172821466345,-6.377822696319272
,V29Q,29,V,Q,0.006036129780113697,0.45732027621526117,-2.144032694865018,-2.8710487005589522
,V29R,29,V,R,0.016494547948241234,0.45732027621526117,-0.6323131425306201,-1.8692503457861047
,V29S,29,V,S,0.0045855543576180935,0.45732027621526117,-2.3545220755040646,-3.1433031743465234
,V29T,29,V,T,0.04162171110510826,0.45732027621526117,-0.338329812977463,-0.9437959756420049
,V29W,29,V,W,0.0,0.45732027621526117,-4.568137712136377,-6.703388442826712
,V29Y,29,V,Y,0.05763555318117142,0.45732027621526117,0.6289480039849877,-0.618165175366262
,F30A,30,F,A,0.0,0.6671050305155313,-8.782833122982993,-8.857789905552364
,F30C,30,F,C,0.0,0.6671050305155313,-8.782833122982993,-8.85778990555236
,F30D,30,F,D,0.0,0.6671050305155313,-8.782833122982993,-8.857789905552352
,F30E,30,F,E,0.0,0.6671050305155313,-8.782833122982993,-8.857789905552359
,F30G,30,F,G,0.0,0.6671050305155313,-8.782833122982993,-8.857789905552359
,F30H,30,F,H,0.0,0.6671050305155313,-8.782833122982993,-8.857789905552353
,F30I,30,F,I,0.4700024724006653,0.6671050305155313,-4.076375858858228,0.044604422280277056
,F30K,30,F,K,0.0,0.6671050305155313,-8.782833122982993,-8.857789905552359
,F30L,30,F,L,0.05715582147240639,0.6671050305155313,-3.4970667633460835,-2.064382629744781
,F30M,30,F,M,0.0037904938217252493,0.6671050305155313,-6.0317848501726985,-4.790780221602378
,F30N,30,F,N,0.007530782837420702,0.6671050305155313,-6.529968101531267,-4.099301909564067
,F30P,30,F,P,0.0,0.6671050305155313,-8.782833122982993,-8.85778990555236
,F30Q,30,F,Q,0.0,0.6671050305155313,-8.782833122982993,-8.857789905552353
,F30R,30,F,R,0.0,0.6671050305155313,-8.782833122982993,-8.857789905552355
,F30S,30,F,S,0.0,0.6671050305155313,-8.782833122982993,-8.857789905552355
,F30T,30,F,T,0.0,0.6671050305155313,-8.782833122982993,-8.857789905552352
,F30V,30,F,V,0.006055228412151337,0.6671050305155313,-6.115886481362395,-4.318874055575704
,F30W,30,F,W,0.0,0.6671050305155313,-8.782833122982993,-8.857789905552348
,F30Y,30,F,Y,0.005958696361631155,0.6671050305155313,-5.724974736105651,-4.335057473910801
,K31A,31,K,A,0.17901131510734558,0.18172549313472186,-3.656094578327611,-0.13238455727854692
,K31C,31,K,C,0.0005020516691729426,0.18172549313472186,-5.6680736020207405,-5.818399851785985
,K31D,31,K,D,0.010227498598396778,0.18172549313472186,-2.548349750461057,-2.992430462361269
,K31E,31,K,E,0.053598687052726746,0.18172549313472186,-2.020658864174038,-1.3384959277836894
,K31F,31,K,F,0.03868906572461128,0.18172549313472186,-1.3512723334133625,-1.664424102121705
,K31G,31,K,G,0.017365578562021255,0.18172549313472186,-3.245138827129267,-2.464737825273142
,K31H,31,K,H,0.03159825876355171,0.18172549313472186,-2.5446121357381344,-1.8668022887334397
,K31I,31,K,I,0.045080821961164474,0.18172549313472186,-1.0395966018550098,-1.5115530830508865
,K31L,31,K,L,0.038537561893463135,0.18172549313472186,-1.9209757903590798,-1.66834672317272
,K31M,31,K,M,0.056685034185647964,0.18172549313472186,-2.9209104526089504,-1.2825097180898333
,K31N,31,K,N,0.01787363924086094,0.18172549313472186,-2.2408008840866387,-2.43595600663612
,K31P,31,K,P,0.0,0.18172549313472186,-6.241452771762852,-7.23198416559223
,K31Q,31,K,Q,0.06066574528813362,0.18172549313472186,-2.3659089510329068,-1.2146379404063892
,K31R,31,K,R,0.14643742144107819,0.18172549313472186,0.2856439216993749,-0.33327622157346193
,K31S,31,K,S,0.03421330079436302,0.18172549313472186,-3.2423323239345336,-1.7873260632583625
,K31T,31,K,T,0.03301657736301422,0.18172549313472186,-2.4065518868155777,-1.8229155091791154
,K31V,31,K,V,0.027529289945960045,0.18172549313472186,-2.442834346089512,-2.0045679839780175
,K31W,31,K,W,0.0030338263604789972,0.18172549313472186,-4.443159861024469,-4.191312302105624
,K31Y,31,K,Y,0.0015898303827270865,0.18172549313472186,-4.623262475710362,-4.809893116632839
,Q32A,32,Q,A,0.16516904532909393,0.2206188190952938,-1.8467331177380402,0.6054383628290805
,Q32C,32,Q,C,0.000921949278563261,0.2206188190952938,-6.246700374758802,-4.498243117408476
,Q32D,32,Q,D,0.07754610478878021,0.2206188190952938,-1.8995921094610821,-0.1508630190894522
,Q32E,32,Q,E,0.2169262021780014,0.2206188190952938,-2.215500794351101,0.8780935618372236
,Q32F,32,Q,F,0.0006496868445537984,0.2206188190952938,-6.397106526506832,-4.8025270848339385
,Q32G,32,Q,G,0.027454014867544174,0.2206188190952938,-3.079504968962283,-1.1892617757331405
,Q32H,32,Q,H,0.016215097159147263,0.2206188190952938,-2.3980860142037272,-1.7153280374781277
,Q32I,32,Q,I,0.0105886934325099,0.2206188190952938,-4.450782681815326,-2.1403710295226652
,Q32K,32,Q,K,0.16904105246067047,0.2206188190952938,-2.408924753777683,0.6286165174494922
,Q32L,32,Q,L,0.029057500883936882,0.2206188190952938,-2.64999355468899,-1.1325185916118106
,Q32M,32,Q,M,0.006710112560540438,0.2206188190952938,-4.029539401642978,-2.593972450587915
,Q32N,32,Q,N,0.035624630749225616,0.2206188190952938,-2.822548574768007,-0.9288002429838227
,Q32P,32,Q,P,0.0,0.2206188190952938,-7.083364930789685,-6.465950743787584
,Q32R,32,Q,R,0.058887965977191925,0.2206188190952938,-2.6553789995377883,-0.42616268014526115
,Q32S,32,Q,S,0.04378952458500862,0.2206188190952938,-3.797629069071263,-0.722445444850782
,Q32T,32,Q,T,0.022911423817276955,0.2206188190952938,-4.499006704892963,-1.3700362642997865
,Q32V,32,Q,V,0.0176287479698658,0.2206188190952938,-3.5136990104801953,-1.6318680244944785
,Q32W,32,Q,W,0.0,0.2206188190952938,-7.083364930789685,-6.465950743787584
,Q32Y,32,Q,Y,0.010708341374993324,0.2206188190952938,-4.108003464527428,-2.129176861039184
,Y33A,33,Y,A,0.010292970575392246,0.5320739638687877,-4.08755889890017,-3.8461225587315724
,Y33C,33,Y,C,0.00238474877551198,0.5320739638687877,-5.209297588793561,-5.305212979991721
,Y33D,33,Y,D,0.0,0.5320739638687877,-7.021068780159112,-8.535417543982764
,Y33E,33,Y,E,0.0,0.5320739638687877,-7.021068780159112,-8.535417543982788
,Y33F,33,Y,F,0.10003915429115295,0.5320739638687877,-2.247352658538148,-1.5685961111752533
,Y33G,33,Y,G,0.0,0.5320739638687877,-7.021068780159112,-8.53541754398278
,Y33H,33,Y,H,0.005508848931640387,0.5320739638687877,-3.997366955387406,-4.471780626311013
,Y33I,33,Y,I,0.0013447831152006984,0.5320739638687877,-4.74650577432476,-5.866560541413387
,Y33K,33,Y,K,0.0,0.5320739638687877,-7.021068780159112,-8.535417543982785
,Y33L,33,Y,L,0.2732742726802826,0.5320739638687877,-2.336278004979249,-0.5630591974607846
,Y33M,33,Y,M,0.0964382216334343,0.5320739638687877,-3.102042414713651,-1.6052869526548452
,Y33N,33,Y,N,0.0,0.5320739638687877,-7.021068780159112,-8.535417543982765
,Y33P,33,Y,P,0.0,0.5320739638687877,-7.021068780159112,-8.535417543982788
,Y33Q,33,Y,Q,0.001506156986579299,0.5320739638687877,-5.553304246393964,-5.756504106258157
,Y33R,33,Y,R,0.0,0.5320739638687877,-7.021068780159112,-8.535417543982756
,Y33S,33,Y,S,0.003012313973158598,0.5320739638687877,-3.7893853697460145,-5.073646894937193
,Y33T,33,Y,T,0.00047694973181933165,0.5320739638687877,-6.382937097456306,-6.827515237323393
,Y33V,33,Y,V,0.01965973898768425,0.5320739638687877,-4.494624435668811,-3.1978210678121366
,Y33W,33,Y,W,0.006275654770433903,0.5320739638687877,-4.240874826675281,-4.341458022545493
,A34C,34,A,C,0.001506157568655908,0.6897532140078815,-5.542262876871973,-5.900815309880448
,A34D,34,A,D,0.0,0.6897532140078815,-6.933258212986402,-8.802604643439832
,A34E,34,A,E,0.0,0.6897532140078815,-6.933258212986402,-8.80260464343983
,A34F,34,A,F,0.014385352842509747,0.6897532140078815,-4.071096543222666,-3.6459471291027796
,A34G,34,A,G,0.00025102627114392817,0.6897532140078815,-6.529679490777198,-7.527612591754581
,A34H,34,A,H,0.001506157568655908,0.6897532140078815,-5.211520186858252,-5.900815309880448
,A34I,34,A,I,0.0032502159010618925,0.6897532140078815,-4.599530287319794,-5.136999443671706
,A34K,34,A,K,0.0,0.6897532140078815,-6.933258212986402,-8.80260464343983
,A34L,34,A,L,0.4040960669517517,0.6897532140078815,-2.0016881534829736,-0.30585526408433417
,A34M,34,A,M,0.004012173507362604,0.6897532140078815,-4.623044651001692,-4.926334803031073
,A34N,34,A,N,0.001506157568655908,0.6897532140078815,-5.436942531727254,-5.900815309880448
,A34P,34,A,P,0.0,0.6897532140078815,-6.933258212986402,-8.802604643439832
,A34Q,34,A,Q,0.0,0.6897532140078815,-6.933258212986402,-8.802604643439832
,A34R,34,A,R,0.0,0.6897532140078815,-6.933258212986402,-8.802604643439832
,A34S,34,A,S,0.0037929576355963945,0.6897532140078815,-4.866801609285176,-4.982569825663424
,A34T,34,A,T,0.001506157568655908,0.6897532140078815,-5.346735357306898,-5.900815309880448
,A34V,34,A,V,0.014057471416890621,0.6897532140078815,-3.048175474628806,-3.669073016465862
,A34W,34,A,W,9.051427696249448e-07,0.6897532140078815,-6.931931441125926,-8.794572109299565
,A34Y,34,A,Y,0.001506157568655908,0.6897532140078815,-5.362653348594904,-5.900815309880448
,N35A,35,N,A,0.18814975023269653,0.24749789947718615,-3.4185000981669873,1.3766704338324127
,N35C,35,N,C,0.0,0.24749789947718615,-8.129932740004733,-5.827752256798058
,N35D,35,N,D,0.05895251780748367,0.24749789947718615,-3.8203119533136487,0.21585791124135767
,N35E,35,N,E,0.17302602529525757,0.24749789947718615,-4.202435982297175,1.292853017725424
,N35F,35,N,F,0.002008216455578804,0.24749789947718615,-6.3912694320315495,-3.134121910478389
,N35G,35,N,G,0.009325389750301838,0.24749789947718615,-4.903903552563861,-1.6259994157954294
,N35H,35,N,H,0.013378957286477089,0.24749789947718615,-4.636747425422072,-1.2662955250926582
,N35I,35,N,I,0.012369911186397076,0.24749789947718615,-5.517522679409012,-1.3445065762283237
,N35K,35,N,K,0.2163553684949875,0.24749789947718615,-2.3738815530668944,1.5163885673397133
,N35L,35,N,L,0.02603638730943203,0.24749789947718615,-4.947420071810484,-0.6013399533640741
,N35M,35,N,M,0.006039295811206102,0.24749789947718615,-6.658663931302726,-2.057537249011632
,N35P,35,N,P,0.0015061622252687812,0.24749789947718615,-6.973515251767822,-3.4071483637837483
,N35Q,35,N,Q,0.04142816737294197,0.24749789947718615,-4.404499704018235,-0.1369601144366317
,N35R,35,N,R,0.11805325746536255,0.24749789947718615,-3.530655347974971,0.9104432880130722
,N35S,35,N,S,0.04315653070807457,0.24749789947718615,-3.266804624348879,-0.09608538000697142
,N35T,35,N,T,0.02691817656159401,0.24749789947718615,-3.530287810601294,-0.568048257739649
,N35V,35,N,V,0.013723083771765232,0.24749789947718615,-5.236170640215278,-1.2409594936907191
,N35W,35,N,W,0.000502054113894701,0.24749789947718615,-7.637030641140882,-4.3742193536379945
,N35Y,35,N,Y,0.0015621695201843977,0.24749789947718615,-6.1904368896503,-3.372798456727689
,D36A,36,D,A,0.1270582228899002,0.24340444584833454,-0.8597972141578794,0.06234390790833633
,D36C,36,D,C,4.9079000746132806e-05,0.24340444584833454,-7.269675338551679,-6.528183808123487
,D36E,36,D,E,0.19803182780742645,0.24340444584833454,-1.0977802784182131,0.5062652839275525
,D36F,36,D,F,0.0007783076725900173,0.24340444584833454,-6.600106326397508,-4.937555831626899
,D36G,36,D,G,0.005004531238228083,0.24340444584833454,-5.048315470572561,-3.166587491649419
,D36H,36,D,H,0.01777331344783306,0.24340444584833454,-3.810555201023817,-1.904812713295808
,D36I,36,D,I,0.013145912438631058,0.24340444584833454,-3.763246557675302,-2.2059862962255314
,D36K,36,D,K,0.09758691489696503,0.24340444584833454,-1.2548709318507463,-0.20165073096806152
,D36L,36,D,L,0.016630886122584343,0.24340444584833454,-4.686895123217255,-1.9711829763772566
,D36M,36,D,M,0.006547301542013884,0.24340444584833454,-4.994790509110317,-2.9002278632821383
,D36N,36,D,N,0.014857582747936249,0.24340444584833454,-3.486247385153547,-2.0837909492436464
,D36P,36,D,P,2.996894545503892e-05,0.24340444584833454,-7.301693066896405,-6.6255392179306085
,D36Q,36,D,Q,0.08629383146762848,0.24340444584833454,-3.8435233617201447,-0.3246806409877161
,D36R,36,D,R,0.15963615477085114,0.24340444584833454,-3.4021469485014677,0.2906702744971339
,D36S,36,D,S,0.10303883999586105,0.24340444584833454,-1.9125865274108946,-0.14726865613302698
,D36T,36,D,T,0.025710875168442726,0.24340444584833454,-4.4677406791597605,-1.5357869571649627
,D36V,36,D,V,0.006155740935355425,0.24340444584833454,-4.9436460949946195,-2.9614416513513007
,D36W,36,D,W,0.0,0.24340444584833454,-7.336890460486757,-6.796238155505289
,D36Y,36,D,Y,0.0022893662098795176,0.24340444584833454,-5.970038892235607,-3.9330707823197053
,N37A,37,N,A,0.05648535117506981,0.25512179412457103,-2.8075319756753743,-1.0929215762008802
,N37C,37,N,C,0.012905911542475224,0.25512179412457103,-3.523712538415566,-2.5679484986929144
,N37D,37,N,D,0.0030123237520456314,0.25512179412457103,-3.5265526245348155,-4.006625812877088
,N37E,37,N,E,0.02632131427526474,0.25512179412457103,-3.0896270177327096,-1.8563877993584983
,N37F,37,N,F,0.0062910267151892185,0.25512179412457103,-3.609397827531211,-3.2824420060811437
,N37G,37,N,G,0.006042366847395897,0.25512179412457103,-4.248944721650332,-3.322379643213246
,N37H,37,N,H,0.26975035667419434,0.25512179412457103,-1.9932059552520514,0.4709284857784266
,N37I,37,N,I,0.0152052016928792,0.25512179412457103,-3.3030005409382284,-2.4044146883720634
,N37K,37,N,K,0.11323100328445435,0.25512179412457103,-2.016133354511112,-0.3973352846303635
,N37L,37,N,L,0.009899584576487541,0.25512179412457103,-4.1130568836815655,-2.832148416759782
,N37M,37,N,M,0.01081644743680954,0.25512179412457103,-4.088565810117871,-2.743955692373032
,N37P,37,N,P,0.0001313513348577544,0.25512179412457103,-6.624836440925719,-6.483498802609857
,N37Q,37,N,Q,0.021570637822151184,0.25512179412457103,-2.44067137921229,-2.055267907868469
,N37R,37,N,R,0.16704729199409485,0.25512179412457103,-3.4670230359770358,-0.008395355480170785
,N37S,37,N,S,0.04774509370326996,0.25512179412457103,-3.0979731515981257,-1.2610384525817877
,N37T,37,N,T,0.023502150550484657,0.25512179412457103,-3.2755842437036335,-1.9695907678810913
,N37V,37,N,V,0.023470109328627586,0.25512179412457103,-3.879459141753614,-1.9709538583048636
,N37W,37,N,W,0.0003192408476024866,0.25512179412457103,-6.341780486982316,-5.9706687924902315
,N37Y,37,N,Y,0.01779792830348015,0.25512179412457103,-3.432316870894283,-2.247266299630266
,G38A,38,G,A,0.011595336720347404,0.5145430111489881,-4.16020897240378,-3.880971750983502
,G38C,38,G,C,0.001721324515528977,0.5145430111489881,-6.262277249479666,-5.772218048976663
,G38D,38,G,D,0.05131765082478523,0.5145430111489881,-3.064325715880841,-2.3921507027130904
,G38E,38,G,E,0.03011077083647251,0.5145430111489881,-4.056772206211463,-2.9258498128073596
,G38F,38,G,F,0.00301231793127954,0.5145430111489881,-3.8190298520494252,-5.223754776804615
,G38H,38,G,H,0.014913004823029041,0.5145430111489881,-5.379918073187582,-3.6291998062989785
,G38I,38,G,I,0.0,0.5145430111489881,-7.612634137418354,-8.562127681155719
,G38K,38,G,K,0.037564463913440704,0.5145430111489881,-2.838025376899168,-2.7044385409934875
,G38L,38,G,L,0.00150615896563977,0.5145430111489881,-6.244320959900506,-5.901318473022123
,G38M,38,G,M,0.0,0.5145430111489881,-7.612634137418354,-8.562127681155719
,G38N,38,G,N,0.2198297530412674,0.5145430111489881,-2.0941786838229746,-0.9363549864683396
,G38P,38,G,P,0.0,0.5145430111489881,-7.612634137418354,-8.562127681155719
,G38Q,38,G,Q,0.021215476095676422,0.5145430111489881,-3.8463034415617585,-3.276377166309101
,G38R,38,G,R,0.01728462427854538,0.5145430111489881,-4.9741506514910725,-3.481491798965611
,G38S,38,G,S,0.027301525697112083,0.5145430111489881,-3.765988835366443,-3.023896310331753
,G38T,38,G,T,0.0020751040428876877,0.5145430111489881,-4.828264987212606,-5.590179217237254
,G38V,38,G,V,0.0,0.5145430111489881,-7.612634137418354,-8.562127681155719
,G38W,38,G,W,1.8086581121679046e-06,0.5145430111489881,-7.610110081819585,-8.549018366929772
,G38Y,38,G,Y,0.0,0.5145430111489881,-7.612634137418354,-8.562127681155719
,V39A,39,V,A,0.008323175832629204,0.42001718781275765,-3.1747176277567632,-3.7871195695391076
,V39C,39,V,C,0.005551444832235575,0.42001718781275765,-4.309785221237689,-4.1922248731603355
,V39D,39,V,D,0.0,0.42001718781275765,-7.04827612353256,-8.247680558144252
,V39E,39,V,E,0.0,0.42001718781275765,-7.04827612353256,-8.24768055814425
,V39F,39,V,F,0.09330305457115173,0.42001718781275765,-3.2518714289180934,-1.3668545968628805
,V39G,39,V,G,4.2189280975435395e-06,0.42001718781275765,-7.042137016425841,-8.214582543400525
,V39H,39,V,H,0.0015061573358252645,0.42001718781275765,-5.523457765462808,-5.483700315270952
,V39I,39,V,I,0.1639653593301773,0.42001718781275765,-1.2994001943152398,-0.8026403402853655
,V39K,39,V,K,0.00021516533161047846,0.42001718781275765,-6.744521305052331,-7.179090369606504
,V39L,39,V,L,0.15766040980815887,0.42001718781275765,-2.291745265945792,-0.8418759495630885
,V39M,39,V,M,0.12811829149723053,0.42001718781275765,-2.2908255173824728,-1.0495029521264572
,V39N,39,V,N,0.0,0.42001718781275765,-7.04827612353256,-8.247680558144252
,V39P,39,V,P,0.0,0.42001718781275765,-7.04827612353256,-8.24768055814425
,V39Q,39,V,Q,0.0,0.42001718781275765,-7.04827612353256,-8.247680558144252
,V39R,39,V,R,0.00025102621293626726,0.42001718781275765,-6.651992344297469,-7.068682802813717
,V39S,39,V,S,0.0015061573358252645,0.42001718781275765,-4.23164883768186,-5.483700315270952
,V39T,39,V,T,0.003038738388568163,0.42001718781275765,-4.056550154928118,-4.7928156832014315
,V39W,39,V,W,0.0,0.42001718781275765,-7.04827612353256,-8.24768055814425
,V39Y,39,V,Y,0.07081452757120132,0.42001718781275765,-4.347272739280015,-1.6429058149112463
,D40A,40,D,A,0.051582884043455124,0.21188020802455965,-4.17740140366368,-1.3740295244188794
,D40C,40,D,C,0.0016220168909057975,0.21188020802455965,-6.520060414972249,-4.792103110016114
,D40E,40,D,E,0.23309703171253204,0.21188020802455965,-1.5170787386596203,0.13457633058445762
,D40F,40,D,F,0.0,0.21188020802455965,-7.530025061219931,-7.268043600778654
,D40G,40,D,G,0.03847341984510422,0.21188020802455965,-3.2146943006664515,-1.6672566614097852
,D40H,40,D,H,0.017705610021948814,0.21188020802455965,-2.983834480983205,-2.4428356019179813
,D40I,40,D,I,0.008228754624724388,0.21188020802455965,-4.735781408846378,-3.206503868214443
,D40K,40,D,K,0.05408649146556854,0.21188020802455965,-3.1991664553061128,-1.3266295360844038
,D40L,40,D,L,0.011153875850141048,0.21188020802455965,-4.4802095727063715,-2.9037948382985777
,D40M,40,D,M,0.0024418539833277464,0.21188020802455965,-6.114298904547468,-4.401219014352828
,D40N,40,D,N,0.03795066103339195,0.21188020802455965,-3.874429154675454,-1.6809360417492978
,D40P,40,D,P,0.043726176023483276,0.21188020802455965,-4.913431994616985,-1.539282292531459
,D40Q,40,D,Q,0.0925871729850769,0.21188020802455965,-2.8902540511917323,-0.7889544173473575
,D40R,40,D,R,0.05053512752056122,0.21188020802455965,-4.826294159516692,-1.3945527886133158
,D40S,40,D,S,0.04888124391436577,0.21188020802455965,-2.785342975985259,-1.4278305555091944
,D40T,40,D,T,0.08209867030382156,0.21188020802455965,-1.1843444687547162,-0.9092123901523643
,D40V,40,D,V,0.020471494644880295,0.21188020802455965,-4.05820987932384,-2.2978719779046806
,D40W,40,D,W,7.172183541115373e-05,0.21188020802455965,-7.425297764566494,-6.910961722005368
,D40Y,40,D,Y,0.0015327617293223739,0.21188020802455965,-6.062465115312079,-4.845376999890402
,G41A,41,G,A,0.060557007789611816,0.38246017553750333,-4.085722174262628,0.5909238951490103
,G41C,41,G,C,0.0037662689574062824,0.38246017553750333,-6.40391756198369,-2.1789675203197185
,G41D,41,G,D,0.007771494332700968,0.38246017553750333,-3.8642143819015473,-1.4607878233997422
,G41E,41,G,E,0.018607236444950104,0.38246017553750333,-4.589902313658968,-0.5893719240741374
,G41F,41,G,F,0.0033061672002077103,0.38246017553750333,-5.8746391197200865,-2.307182845519307
,G41H,41,G,H,0.003433327656239271,0.38246017553750333,-6.197428656858392,-2.270087020789074
,G41I,41,G,I,0.4171580970287323,0.38246017553750333,-4.449994429713115,2.521488352877397
,G41K,41,G,K,0.0015129918465390801,0.38246017553750333,-6.335966111859307,-3.063964104621447
,G41L,41,G,L,0.04287784919142723,0.38246017553750333,-3.713686860341113,0.24553944610472112
,G41M,41,G,M,0.0015887267654761672,0.38246017553750333,-6.434965970867779,-3.0175512675363017
,G41N,41,G,N,0.0,0.38246017553750333,-7.980586997728096,-5.572597616522717
,G41P,41,G,P,0.08522893488407135,0.38246017553750333,-4.574166123056784,0.9328377986428915
,G41Q,41,G,Q,0.005547636188566685,0.38246017553750333,-5.146539031760767,-1.7958823420802243
,G41R,41,G,R,0.0015129918465390801,0.38246017553750333,-6.566140193725005,-3.063964104621447
,G41S,41,G,S,0.18735849857330322,0.38246017553750333,-3.8713138138409704,1.7208331193171378
,G41T,41,G,T,0.007215368561446667,0.38246017553750333,-5.779447555803927,-1.534694460198803
,G41V,41,G,V,0.11293072253465652,0.38246017553750333,-4.28792544384487,1.2143938611459855
,G41W,41,G,W,0.0,0.38246017553750333,-7.980586997728096,-5.572597616522718
,G41Y,41,G,Y,0.00608106330037117,0.38246017553750333,-4.898714630864561,-1.7047394558440614
,E42A,42,E,A,0.014568423852324486,0.3539005527138378,-3.03662406624062,-1.3822464219160286
,E42C,42,E,C,0.004572714678943157,0.3539005527138378,-4.1880287581007,-2.5358026387362216
,E42D,42,E,D,0.17897877097129822,0.3539005527138378,-1.8191159979323857,1.126750050771523
,E42F,42,E,F,0.0,0.3539005527138378,-6.516317962028552,-6.124568596607531
,E42G,42,E,G,0.010324867442250252,0.3539005527138378,-4.0937923907185905,-1.7259951845691934
,E42H,42,E,H,0.011702952906489372,0.3539005527138378,-1.326323835819494,-1.6009671852025489
,E42I,42,E,I,0.07512756437063217,0.3539005527138378,-3.462562231987249,0.2583111711518593
,E42K,42,E,K,0.010244728997349739,0.3539005527138378,-3.5671372897559195,-1.7337685397314808
,E42L,42,E,L,0.014239221811294556,0.3539005527138378,-3.1470674645970576,-1.405079747106425
,E42M,42,E,M,0.0011431786697357893,0.3539005527138378,-5.158684263180476,-3.8757596222353197
,E42N,42,E,N,0.05657203122973442,0.3539005527138378,-2.337797269690782,-0.025496146080521642
,E42P,42,E,P,0.0,0.3539005527138378,-6.516317962028552,-6.124568596607532
,E42Q,42,E,Q,0.0038912869058549404,0.3539005527138378,-4.31716840172885,-2.695226698440854
,E42R,42,E,R,0.0030656028538942337,0.3539005527138378,-4.416357738606166,-2.9298170259196095
,E42S,42,E,S,0.03590167313814163,0.3539005527138378,-3.3359028265695088,-0.48042407620538397
,E42T,42,E,T,0.1333252638578415,0.3539005527138378,-2.3681357232271694,0.8321659300771338
,E42V,42,E,V,0.38678523898124695,0.3539005527138378,-1.055832259298768,1.8975673797014734
,E42W,42,E,W,0.0,0.3539005527138378,-6.516317962028552,-6.124568596607538
,E42Y,42,E,Y,0.001524238265119493,0.3539005527138378,-5.500666348903906,-3.605602563179593
,W43A,43,W,A,0.10393642634153366,0.27812940429363375,-4.296177278738469,-1.1308699272167395
,W43C,43,W,C,0.018413390964269638,0.27812940429363375,-5.762394344434142,-2.8611619578007597
,W43D,43,W,D,0.011123863980174065,0.27812940429363375,-6.027955841684161,-3.3638609388619574
,W43E,43,W,E,0.03335151821374893,0.27812940429363375,-4.80485704424791,-2.267623023610671
,W43F,43,W,F,0.007626630831509829,0.27812940429363375,-4.875549564603716,-3.7392903402960496
,W43G,43,W,G,0.010046716779470444,0.27812940429363375,-5.912300272844732,-3.4652784959606224
,W43H,43,W,H,0.028480680659413338,0.27812940429363375,-5.237549357814714,-2.425435716631597
,W43I,43,W,I,0.0051076533272862434,0.27812940429363375,-6.111610871274024,-4.136298643000019
,W43K,43,W,K,0.08842258155345917,0.27812940429363375,-5.577199181076139,-1.292558369531821
,W43L,43,W,L,0.0014861227246001363,0.27812940429363375,-7.642259336542338,-5.330447296732691
,W43M,43,W,M,0.01369943656027317,0.27812940429363375,-5.883846334647387,-3.1562756168299244
,W43N,43,W,N,0.0034957651514559984,0.27812940429363375,-6.912843557889573,-4.509060259349495
,W43P,43,W,P,0.0,0.27812940429363375,-8.81525642008637,-7.711770855728423
,W43Q,43,W,Q,0.04718935862183571,0.27812940429363375,-5.340640461537987,-1.9206039388083933
,W43R,43,W,R,0.21583671867847443,0.27812940429363375,-6.7693666336126626,-0.39995874767771733
,W43S,43,W,S,0.03316589817404747,0.27812940429363375,-5.725641157943755,-2.273202355527724
,W43T,43,W,T,0.01896076463162899,0.27812940429363375,-5.072734412271529,-2.831911558676809
,W43V,43,W,V,0.012755841948091984,0.27812940429363375,-5.7283189673908055,-3.227436213919261
,W43Y,43,W,Y,0.024948785081505775,0.27812940429363375,-4.371982288081199,-2.5577522167560107
,T44A,44,T,A,0.015936342999339104,0.534177069175056,-1.5996972273569554,-3.5727318429183677
,T44C,44,T,C,8.863519724400248e-06,0.534177069175056,-7.075199711864116,-8.471932774571396
,T44D,44,T,D,0.01133635826408863,0.534177069175056,-3.91949992912123,-3.913380304592756
,T44E,44,T,E,0.020303409546613693,0.534177069175056,-4.07836266461527,-3.330392043990025
,T44F,44,T,F,0.001743218512274325,0.534177069175056,-5.54744372330606,-5.767200770486199
,T44G,44,T,G,6.0981012211414054e-05,0.534177069175056,-7.022173082077643,-8.16340026530739
,T44H,44,T,H,0.00584401423111558,0.534177069175056,-4.090675145853311,-4.574862551286425
,T44I,44,T,I,0.04244108125567436,0.534177069175056,-2.7534030391834676,-2.592423864609721
,T44K,44,T,K,0.024102017283439636,0.534177069175056,-3.660724477376789,-3.1587482627686425
,T44L,44,T,L,0.006190587766468525,0.534177069175056,-4.882291696732864,-4.517455510975565
,T44M,44,T,M,0.00034919462632387877,0.534177069175056,-6.710667618288426,-7.204910327826116
,T44N,44,T,N,0.016663851216435432,0.534177069175056,-4.558933879714459,-3.5280690187712116
,T44P,44,T,P,0.00038113133632577956,0.534177069175056,-6.630753127741627,-7.136310080784449
,T44Q,44,T,Q,0.0017590676434338093,0.534177069175056,-5.734592457069084,-5.7584407855697215
,T44R,44,T,R,0.008715203031897545,0.534177069175056,-3.667646192247048,-4.176153081956184
,T44S,44,T,S,0.24637435376644135,0.534177069175056,-1.191596808261238,-0.8325862551328678
,T44V,44,T,V,0.0314437672495842,0.534177069175056,-4.180648952256888,-2.8926089243206787
,T44W,44,T,W,0.0,0.534177069175056,-7.104876418510685,-8.533043637989381
,T44Y,44,T,Y,0.0,0.534177069175056,-7.104876418510685,-8.533043637989383
,Y45A,45,Y,A,0.0,0.6850299982822834,-8.026570512272883,-9.320531355311841
,Y45C,45,Y,C,0.0002889939642045647,0.6850299982822834,-7.498525228293147,-7.578018750170779
,Y45D,45,Y,D,0.0,0.6850299982822834,-8.026570512272883,-9.32053135531182
,Y45E,45,Y,E,0.0,0.6850299982822834,-8.026570512272883,-9.320531355311957
,Y45F,45,Y,F,0.10474211722612381,0.6850299982822834,-2.8937785594607703,-1.678917931725036
,Y45G,45,Y,G,0.0,0.6850299982822834,-8.026570512272883,-9.320531355311896
,Y45H,45,Y,H,0.0,0.6850299982822834,-8.026570512272883,-9.320531355311916
,Y45I,45,Y,I,0.0,0.6850299982822834,-8.026570512272883,-9.320531355311921
,Y45K,45,Y,K,0.0,0.6850299982822834,-8.026570512272883,-9.320531355311967
,Y45L,45,Y,L,0.0006010588840581477,0.6850299982822834,-6.713687260344159,-6.877467517528389
,Y45M,45,Y,M,0.0,0.6850299982822834,-8.026570512272883,-9.320531355311914
,Y45N,45,Y,N,0.001529968110844493,0.6850299982822834,-5.965201587125193,-5.937829694090831
,Y45P,45,Y,P,0.0,0.6850299982822834,-8.026570512272883,-9.320531355311937
,Y45Q,45,Y,Q,0.0,0.6850299982822834,-8.026570512272883,-9.320531355311973
,Y45R,45,Y,R,0.0,0.6850299982822834,-8.026570512272883,-9.320531355311944
,Y45S,45,Y,S,0.0,0.6850299982822834,-8.026570512272883,-9.320531355311964
,Y45T,45,Y,T,0.0,0.6850299982822834,-8.026570512272883,-9.320531355311925
,Y45V,45,Y,V,0.0,0.6850299982822834,-8.026570512272883,-9.320531355311985
,Y45W,45,Y,W,0.3321801424026489,0.6850299982822834,-3.6134993170271628,-0.5236686560697796
,D46A,46,D,A,0.1467793881893158,0.31639092705746097,-5.559492712840438,-0.1845683705479173
,D46C,46,D,C,0.0047055864706635475,0.31639092705746097,-6.541813952615485,-3.6189875979253503
,D46E,46,D,E,0.36224308609962463,0.31639092705746097,-3.248785293661058,0.7190607070643833
,D46F,46,D,F,0.0,0.31639092705746097,-8.758029357471969,-7.195101351923023
,D46G,46,D,G,0.0028347608167678118,0.31639092705746097,-6.473901130724698,-4.117113644901097
,D46H,46,D,H,0.004823640920221806,0.31639092705746097,-6.542443738784641,-3.5944890531803066
,D46I,46,D,I,0.020514586940407753,0.31639092705746097,-6.297660743352026,-2.1527779767923683
,D46K,46,D,K,0.024626633152365685,0.31639092705746097,-3.845418929704465,-1.9701505317551078
,D46L,46,D,L,0.010948042385280132,0.31639092705746097,-5.866254209191538,-2.7798590525578817
,D46M,46,D,M,0.003401712980121374,0.31639092705746097,-7.230969752301462,-3.9386574959963605
,D46N,46,D,N,0.029528526589274406,0.31639092705746097,-3.7264089547097683,-1.7886385497885593
,D46P,46,D,P,0.004638699349015951,0.31639092705746097,-6.709521024953574,-3.6331378029031693
,D46Q,46,D,Q,0.04488687962293625,0.31639092705746097,-3.0383825479075313,-1.3697774221564594
,D46R,46,D,R,0.03670276328921318,0.31639092705746097,-6.039624141994864,-1.5711196813921269
,D46S,46,D,S,0.05864962190389633,0.31639092705746097,-4.455389975570142,-1.1022535700978444
,D46T,46,D,T,0.04069025442004204,0.31639092705746097,-5.000971261411905,-1.4679604658209982
,D46V,46,D,V,0.027504760771989822,0.31639092705746097,-6.64256512792781,-1.8596343197821192
,D46W,46,D,W,0.0,0.31639092705746097,-8.758029357471969,-7.195101351923022
,D46Y,46,D,Y,0.0,0.31639092705746097,-8.758029357471969,-7.195101351923022
,D47A,47,D,A,0.022257225587964058,0.5052703490219644,-1.5447733695618808,-3.244320140856612
,D47C,47,D,C,0.001571028376929462,0.5052703490219644,-4.909218309214339,-5.865455296178171
,D47E,47,D,E,0.04930105805397034,0.5052703490219644,-1.3460773897822946,-2.4486914379401634
,D47F,47,D,F,0.001571028376929462,0.5052703490219644,-4.587074043694884,-5.865455296178171
,D47G,47,D,G,0.001571028376929462,0.5052703490219644,-4.628248872701079,-5.865455296178171
,D47H,47,D,H,0.006522808689624071,0.5052703490219644,-3.1925517199561,-4.4696957010460014
,D47I,47,D,I,0.005498599261045456,0.5052703490219644,-3.6853099474683404,-4.6394918877619125
,D47K,47,D,K,0.04621020704507828,0.5052703490219644,-2.749665438197553,-2.5134727045381915
,D47L,47,D,L,0.0009478481952100992,0.5052703490219644,-5.152784466161393,-6.338340456613549
,D47M,47,D,M,0.004969148896634579,0.5052703490219644,-3.4601962596643716,-4.739971753461904
,D47N,47,D,N,0.0032887826673686504,0.5052703490219644,-4.445688101928681,-5.147842683457492
,D47P,47,D,P,0.01050563808530569,0.5052703490219644,-1.7705369209870696,-3.994626536120847
,D47Q,47,D,Q,0.20750296115875244,0.5052703490219644,-3.1464991588145494,-1.0108047536211058
,D47R,47,D,R,0.026933645829558372,0.5052703490219644,-2.26423588139005,-3.053559292021716
,D47S,47,D,S,0.022077711299061775,0.5052703490219644,-2.822802578797564,-3.2524196043966156
,D47T,47,D,T,0.014450774528086185,0.5052703490219644,-2.5111199328675866,-3.676161342046113
,D47V,47,D,V,0.004713085014373064,0.5052703490219644,-3.8648086907342076,-4.7924212020396215
,D47W,47,D,W,0.0,0.5052703490219644,-6.084752661467064,-8.443362834872257
,D47Y,47,D,Y,7.481087959604338e-05,0.5052703490219644,-5.89393760135863,-8.032126582215954
,A48C,48,A,C,0.004720205906778574,0.35256440452311477,-4.688956935424358,-4.376696153387962
,A48D,48,A,D,0.059093911200761795,0.35256440452311477,-2.6152273372281343,-1.855669089647982
,A48E,48,A,E,0.20769691467285156,0.35256440452311477,-0.9075725725851953,-0.5982888469969732
,A48F,48,A,F,0.0024275342002511024,0.35256440452311477,-5.774989857338369,-5.028630889328185
,A48G,48,A,G,0.008245936594903469,0.35256440452311477,-4.452799430349842,-3.8231497276874142
,A48H,48,A,H,0.017533229663968086,0.35256440452311477,-5.0712750307284296,-3.0706335486820704
,A48I,48,A,I,0.005295621231198311,0.35256440452311477,-4.348726751864888,-4.262898275570016
,A48K,48,A,K,0.008091781288385391,0.35256440452311477,-5.119767340365797,-3.8419310060313245
,A48L,48,A,L,0.008210822939872742,0.35256440452311477,-4.942831557709724,-3.827396573916887
,A48M,48,A,M,9.336671064374968e-05,0.35256440452311477,-7.213259022653801,-7.482907218583971
,A48N,48,A,N,0.0034671034663915634,0.35256440452311477,-5.034072678536177,-4.680668923555729
,A48P,48,A,P,0.01661640778183937,0.35256440452311477,-5.456901457160711,-3.124287013158076
,A48Q,48,A,Q,0.009300529025495052,0.35256440452311477,-4.737913152319379,-3.703308315629731
,A48R,48,A,R,0.009404447861015797,0.35256440452311477,-5.340404753107578,-3.6922385019359374
,A48S,48,A,S,0.06149696186184883,0.35256440452311477,-2.611448667012155,-1.8157954206745641
,A48T,48,A,T,0.11023411899805069,0.35256440452311477,-3.252650126349181,-1.2319650648866105
,A48V,48,A,V,0.0870872512459755,0.35256440452311477,-3.0984076289460063,-1.4677463802749697
,A48W,48,A,W,0.0,0.35256440452311477,-7.325639333081199,-7.95004923806496
,A48Y,48,A,Y,0.003236712422221899,0.35256440452311477,-5.392183866817504,-4.748104383967618
,T49A,49,T,A,0.02937331050634384,0.491854364228295,-4.937410405836999,-0.3801168024976027
,T49C,49,T,C,0.0,0.491854364228295,-7.959618970286101,-5.98961088475
,T49D,49,T,D,0.001486156485043466,0.491854364228295,-6.556400187779218,-3.3434723559526494
,T49E,49,T,E,0.011738603934645653,0.491854364228295,-3.940946899820119,-1.2981176640290932
,T49F,49,T,F,0.0,0.491854364228295,-7.959618970286101,-5.989610884750001
,T49G,49,T,G,0.5159685611724854,0.491854364228295,-4.871518249157816,2.4876554102028354
,T49H,49,T,H,0.0,0.491854364228295,-7.959618970286101,-5.989610884750001
,T49I,49,T,I,0.050758570432662964,0.491854364228295,-3.6135298823937774,0.16743702403050875
,T49K,49,T,K,0.0017352696740999818,0.491854364228295,-6.667730436660349,-3.1936915672671247
,T49L,49,T,L,0.042801033705472946,0.491854364228295,-4.291030515334569,-0.00324742486438101
,T49M,49,T,M,0.24529406428337097,0.491854364228295,-4.26106583327055,1.7438420511975137
,T49N,49,T,N,0.003817593213170767,0.491854364228295,-5.406598373083398,-2.418537417462775
,T49P,49,T,P,0.0,0.491854364228295,-7.959618970286101,-5.989610884749999
,T49Q,49,T,Q,0.006825393531471491,0.491854364228295,-4.871548754614196,-1.8400403570657309
,T49R,49,T,R,0.001696708146482706,0.491854364228295,-6.490172100253403,-3.215483645016682
,T49S,49,T,S,0.020970717072486877,0.491854364228295,-4.070300244726241,-0.7174328342326617
,T49V,49,T,V,0.024593930691480637,0.491854364228295,-5.229759778943844,-0.5578939212667986
,T49W,49,T,W,0.0,0.491854364228295,-7.959618970286101,-5.989610884750003
,T49Y,49,T,Y,0.0,0.491854364228295,-7.959618970286101,-5.989610884750004
,K50A,50,K,A,0.0,0.6750547840193879,-7.087480038753711,-8.805430897929813
,K50C,50,K,C,0.0,0.6750547840193879,-7.087480038753711,-8.805430897929817
,K50D,50,K,D,0.005424898583441973,0.6750547840193879,-4.394900753162801,-4.597313229913826
,K50E,50,K,E,0.019891295582056046,0.6750547840193879,-4.073443011380732,-3.293706822834209
,K50F,50,K,F,0.0,0.6750547840193879,-7.087480038753711,-8.805430897929817
,K50G,50,K,G,0.0018082995666190982,0.6750547840193879,-5.458124035503715,-5.694874721940472
,K50H,50,K,H,0.007309634704142809,0.6750547840193879,-3.5562730375677347,-4.298121220206591
,K50I,50,K,I,0.0,0.6750547840193879,-7.087480038753711,-8.805430897929813
,K50L,50,K,L,0.0011624782346189022,0.6750547840193879,-5.880090753402328,-6.129623589891911
,K50M,50,K,M,0.0018082995666190982,0.6750547840193879,-5.370081976056099,-5.694874721940472
,K50N,50,K,N,0.0,0.6750547840193879,-7.087480038753711,-8.805430897929817
,K50P,50,K,P,0.0,0.6750547840193879,-7.087480038753711,-8.805430897929817
,K50Q,50,K,Q,0.009298346936702728,0.6750547840193879,-4.066826879046857,-4.056622058943896
,K50R,50,K,R,0.40804213285446167,0.6750547840193879,-1.7042668331414461,-0.26871819454180734
,K50S,50,K,S,0.009656855836510658,0.6750547840193879,-4.2082849191792775,-4.0186563432615054
,K50T,50,K,T,0.0,0.6750547840193879,-7.087480038753711,-8.805430897929817
,K50V,50,K,V,0.0,0.6750547840193879,-7.087480038753711,-8.805430897929817
,K50W,50,K,W,0.0,0.6750547840193879,-7.087480038753711,-8.805430897929817
,K50Y,50,K,Y,0.0018082995666190982,0.6750547840193879,-5.016389420256019,-5.694874721940472
