i,A_i,j,A_j,fn,cn,segment_i,segment_j,mad_score,probability,score,ss_clash
27,E,44,T,0,0.466001,A,A,3.829393394212296,0.9186274290701087,2.4238423813318475,False
33,Y,49,T,0,0.326542,A,A,2.7116088278817694,0.8249611517434792,1.5503283571055524,False
20,A,29,V,0,0.379974,A,A,3.139874231679105,0.8164142855385964,1.4922402617777693,True
33,Y,45,Y,0,0.238724,A,A,2.0077345347489186,0.7786479353784461,1.2578045128562028,False
31,K,44,T,0,0.225908,A,A,1.9050123941764776,0.7580902157907686,1.1422375326254528,False
30,F,43,W,0,0.224204,A,A,1.891354581478644,0.7383550831416585,1.037436545983899,False
27,E,46,D,0,0.200126,A,A,1.6983658407870683,0.7287221334701086,0.9881488647988836,False
34,A,45,Y,0,0.187296,A,A,1.5955314881384717,0.7284226590235997,0.9866344910274576,False
21,V,49,T,0,0.195707,A,A,1.6629469004632842,0.7158098769458399,0.9237711351530716,False
26,A,34,A,0,0.158503,A,A,1.3647513232272444,0.7099320602434259,0.895054105093728,True
22,D,47,D,0,0.17302,A,A,1.4811072310526283,0.7034028599400844,0.8635549986687148,False
22,D,41,G,0,0.152315,A,A,1.315153585566331,0.7004135190669748,0.8492677752451538,False
26,A,50,K,0,0.211014,A,A,1.7856347754431805,0.6857502036939254,0.7803252275763852,False
28,K,37,N,0,0.13762,A,A,1.1973709813441074,0.6856051806282544,0.7796523410032283,True
28,K,35,N,0,0.135249,A,A,1.1783670647322741,0.6820537668949613,0.7632262016265781,True
29,V,39,V,0,0.130843,A,A,1.143052321336349,0.6755584287284476,0.733434188449904,False
27,E,36,D,0,0.129868,A,A,1.1352375517469195,0.6696631392625345,0.7066618848079496,True
36,D,46,D,0,0.153773,A,A,1.3268396717831397,0.6688457054842825,0.7029689856376822,False
39,V,46,D,0,0.13783099999999998,A,A,1.1990621776347428,0.6646596130781363,0.6841289532493167,False
33,Y,47,D,0,0.138764,A,A,1.2065403109957047,0.6619477265681032,0.6719860512821105,False
25,T,47,D,0,0.132432,A,A,1.155788391980045,0.6494717438262417,0.6167180106792394,False
32,Q,43,W,0,0.117404,A,A,1.03533674337497,0.646142510396271,0.6021258234424993,False
30,F,48,A,0,0.146478,A,A,1.2683691649576123,0.6442715429576882,0.5939526091054979,False
31,K,38,G,0,0.10544,A,A,0.9394435091514464,0.6436826791957228,0.5913841860940261,False
23,A,48,A,0,0.139212,A,A,1.2101310974326942,0.6346495849940555,0.552216077770942,False
26,A,47,D,0,0.121502,A,A,1.068182821095465,0.6345153051902004,0.5516370048710082,False
35,N,44,T,0,0.123814,A,A,1.086713843957784,0.6308068904856737,0.5356799392698477,False
21,V,42,E,0,0.091354,A,A,0.8265421302420046,0.6236890414121908,0.5052360939709215,False
34,A,47,D,0,0.110235,A,A,0.9778761452348459,0.6190900454876344,0.4856877240588426,False
29,V,40,D,0,0.096673,A,A,0.8691747040329545,0.6053937292183811,0.4279905535025974,False
33,Y,44,T,0,0.086536,A,A,0.7879251457477772,0.6037681813996891,0.4211908781526479,False
34,A,42,E,0,0.108224,A,A,0.9617576820098792,0.6032677810843338,0.4190996379979537,False
25,T,41,G,0,0.067639,A,A,0.6364628883821862,0.5948993416451016,0.384256642154734,False
23,A,38,G,0,0.069927,A,A,0.6548015476853809,0.5948924318896364,0.3842279703480964,False
24,A,38,G,0,0.068638,A,A,0.6444700215307402,0.5928301863887504,0.37567766350842136,True
28,K,40,D,0,0.067232,A,A,0.6332007230253679,0.5924577728170602,0.3741350486613946,False
34,A,49,T,0,0.1142,A,A,1.00965620823186,0.5887065708553516,0.35862097832098994,False
29,V,46,D,0,0.079247,A,A,0.7295027298120311,0.5868980606293036,0.35115675405978863,False
26,A,49,T,0,0.108713,A,A,0.9656770895270392,0.5824721828389829,0.3329302595147503,False
34,A,41,G,0,0.07281900000000001,A,A,0.6779813565598738,0.5807183500644045,0.3257229821327512,False
21,V,35,N,0,0.072438,A,A,0.6749275850587735,0.5802186780348062,0.3236711498783351,True
32,Q,42,E,0,0.06586,A,A,0.6222039395620884,0.5755752781393649,0.30463536800342217,False
24,A,36,D,0,0.06407,A,A,0.6078568241107254,0.5748508319457739,0.30167049343739394,True
29,V,45,Y,0,0.06926,A,A,0.6494554437713814,0.5745834651301669,0.30057659881322296,False
22,D,38,G,0,0.06038200000000001,A,A,0.5782969571919394,0.5743661703159549,0.2996876984020149,False
28,K,36,D,0,0.046877,A,A,0.4700523794429682,0.5677317769909964,0.2726028014123785,True
26,A,45,Y,0,0.054345,A,A,0.5299095069238506,0.565557659132695,0.26374901805144346,False
30,F,46,D,0,0.073516,A,A,0.6835679149227788,0.5646780116270114,0.2601697173415072,False
24,A,35,N,0,0.053628,A,A,0.5241626455950085,0.5645644007341812,0.2597075539755305,True
28,K,46,D,0,0.070546,A,A,0.6597629244811316,0.5643610208772978,0.2588802838466941,False
22,D,42,E,0,0.056485,A,A,0.5470619242791114,0.5603375370679605,0.2425320440979051,False
25,T,34,A,0,0.051546,A,A,0.507475106840965,0.5559912519886991,0.22490829532724588,True
28,K,42,E,0,0.047755,A,A,0.4770896796476033,0.5506698445306044,0.2033775059538705,False
24,A,39,V,0,0.038789,A,A,0.4052258600180383,0.549435787222728,0.1983913067003542,False
39,V,48,A,0,0.060591999999999986,A,A,0.579980138334278,0.5489308059007463,0.1963516454977241,False
27,E,48,A,0,0.069495,A,A,0.6513390036211414,0.5449386432388356,0.18024094722831774,False
24,A,41,G,0,0.027976,A,A,0.3185580614841897,0.5433069823811301,0.17366307396720115,False
24,A,48,A,0,0.058412,A,A,0.5625071150471429,0.5424876099877742,0.17036128007879192,False
26,A,44,T,0,0.041829000000000005,A,A,0.42959191084046505,0.5376100392556828,0.1507248573159079,False
23,A,30,F,0,0.050669,A,A,0.5004458217846267,0.5371333712902691,0.14880747369372216,True
40,D,47,D,0,0.063071,A,A,0.5998496909621713,0.5334352480439578,0.13394087696746038,False
20,A,48,A,0,0.079208,A,A,0.7291901390284541,0.5328527213331322,0.1316004859545803,False
22,D,34,A,0,0.034854,A,A,0.3736862514699301,0.5307165597669944,0.12302115690082925,True
20,A,32,Q,0,0.109422,A,A,0.9713598296695064,0.5293187671269972,0.11740975780164133,True
30,F,40,D,0,0.050623,A,A,0.5000771249629716,0.5290844118623764,0.11646912830308898,False
30,F,45,Y,0,0.028183,A,A,0.3202171971816379,0.5290492444337238,0.11632798157996405,False
22,D,45,Y,0,0.033010000000000005,A,A,0.35890631801053713,0.5247432525058291,0.0990539210790078,False
24,A,43,W,0,0.030206,A,A,0.3364318421861672,0.523949775357384,0.09587246855237508,False
43,W,50,K,0,0.090058,A,A,0.8161544980492859,0.519440213879704,0.07780007447236237,False
37,N,50,K,0,0.11007,A,A,0.9765536457658658,0.5194272520362951,0.07774814865543568,False
30,F,41,G,0,0.027467,A,A,0.3144783510010927,0.5194050982157478,0.07765939954388212,False
32,Q,41,G,0,0.022233000000000003,A,A,0.2725270648153752,0.5183011470614647,0.07323730596020582,False
25,T,39,V,0,0.01037,A,A,0.17744336056983318,0.517957109014212,0.07185934216109224,False
26,A,41,G,0,0.025512,A,A,0.2988087360807492,0.5178144056338148,0.07128779728606105,False
30,F,39,V,0,0.020022,A,A,0.2548055719310379,0.5169016399175227,0.06763232781505303,False
26,A,33,Y,0,0.010107,A,A,0.17533537656776138,0.5152326778010962,0.060949572409596975,True
23,A,36,D,0,0.009923,A,A,0.17386058928114084,0.5149130108846321,0.05966974163771699,True
23,A,41,G,0,0.01792,A,A,0.2379577302110573,0.5146356444246433,0.058559306222450765,False
27,E,39,V,0,0.0185,A,A,0.2426065162232308,0.513592422018622,0.0543830873682154,False
29,V,48,A,0,0.036647000000000006,A,A,0.3880574123661838,0.5132083562217147,0.05284571984179598,False
27,E,43,W,0,0.017272,A,A,0.2327639141146979,0.5131248975284322,0.05251165341277897,False
24,A,44,T,0,0.021925,A,A,0.27005839913994506,0.5113990773340649,0.04560421145030835,False
36,D,43,W,0,0.017075,A,A,0.23118492990021836,0.5099944062899051,0.03998295082481152,False
28,K,43,W,0,0.013681,A,A,0.20398151658070646,0.5081392525626895,0.03255988646584829,False
41,G,49,T,0,0.039244,A,A,0.4088727524931055,0.504587808738544,0.01835174998898248,False
19,E,49,T,0,0.233065,A,A,1.96237681053704,0.5030043192009213,0.012017421429678876,False
25,T,36,D,0,0.013266,A,A,0.2006552300375133,0.5022018087604629,0.008807291972033227,True
23,A,47,D,0,0.032622000000000005,A,A,0.35579644047135905,0.49986988634387397,-0.0005204546362520546,False
29,V,41,G,0,0.001841,A,A,0.10908216074599204,0.4992829616515991,-0.002868155359797786,False
31,K,39,V,0,0.000962,A,A,0.1020368453930601,0.4975239954933677,-0.009904098984462095,False
37,N,48,A,0,0.036654,A,A,0.3881135184042617,0.4951389163452288,-0.01944494728348189,False
42,E,49,T,0,0.024634,A,A,0.2917714358761141,0.49495753150215605,-0.020170557831867164,False
20,A,46,D,0,0.070891,A,A,0.6625281506435452,0.4917492883182058,-0.0330058427417641,False
23,A,31,K,0,-0.006232,A,A,0.04437586854551489,0.4884591989522487,-0.04617140478755877,True
32,Q,39,V,0,0.003145,A,A,0.11953391412508554,0.4880331951217104,-0.047876362385496314,False
39,V,47,D,0,0.007194,A,A,0.15198724957903478,0.4867158682000892,-0.05314903503751545,False
33,Y,41,G,0,-0.002286,A,A,0.07600364372488845,0.4862960391836014,-0.054829575235947565,False
37,N,46,D,0,0.012793,A,A,0.19686406489310285,0.4858618005632567,-0.05656787733418023,False
25,T,33,Y,0,-0.006594,A,A,0.04147438486205487,0.4842926332883977,-0.06285014758960594,True
23,A,40,D,0,-0.011304,A,A,0.0037230363838872296,0.4834458827635564,-0.0662406793795034,False
21,V,47,D,0,-0.004929,A,A,0.054819606776311584,0.4793024909461901,-0.08283737311372041,False
23,A,34,A,0,0.006858,A,A,0.14929415975129287,0.4773087868368016,-0.09082724179403943,True
23,A,44,T,0,0.005268999999999999,A,A,0.1365580891075968,0.4736245478710867,-0.10559983070541668,False
21,V,28,K,0,-0.007093,A,A,0.037474825861926284,0.4731625515975345,-0.1074530635708464,True
36,D,44,T,0,0.008964,A,A,0.16617406206446084,0.4731080743844952,-0.1076716033137246,False
23,A,37,N,0,-0.022833000000000003,A,A,-0.08868360833050658,0.4730486138935177,-0.10791013681090966,True
31,K,40,D,0,-0.011678,A,A,0.000725370920864993,0.4730146625714519,-0.10804633833262622,False
22,D,32,Q,0,-0.010344,A,A,0.01141757874886408,0.469334296980005,-0.1228169605452627,True
21,V,32,Q,0,-0.009605,A,A,0.01734077334023688,0.4692005654902373,-0.12335391510210192,True
21,V,38,G,0,-0.004306,A,A,0.05981304416524968,0.467808674144707,-0.12894366335527566,False
25,T,42,E,0,-0.008448,A,A,0.026614299919693333,0.4669983508210324,-0.13219879207527896,False
21,V,40,D,0,-0.011827,A,A,-0.00046888617536577264,0.4663060887009906,-0.13498021359890755,False
25,T,40,D,0,-0.011763,A,A,4.4083315632682206e-05,0.4655797590230085,-0.1378990750013278,False
27,E,35,N,0,-0.028134,A,A,-0.13117190945211304,0.4644561367528497,-0.14241567466656058,True
27,E,38,G,0,-0.028337,A,A,-0.1327989845563738,0.4640889929940277,-0.14389178649908896,False
20,A,49,T,0,0.006540000000000001,A,A,0.1467453425928943,0.4583391216859402,-0.1670307693634263,False
35,N,45,Y,0,0.002794,A,A,0.11672059707289092,0.4577298401592264,-0.1694851857202382,False
33,Y,48,A,0,0.001135,A,A,0.10342346604841532,0.4574076129185829,-0.1707834443356342,False
28,K,39,V,0,-0.019689,A,A,-0.06348398208520738,0.4563611594337592,-0.17500061802436614,False
24,A,37,N,0,-0.025478,A,A,-0.10988367557567713,0.4559775901764643,-0.17654677657912554,True
20,A,50,K,0,-0.038939,A,A,-0.2177755867995868,0.4547514103889542,-0.18149089954183986,False
31,K,50,K,0,0.048972,A,A,0.4868441151248708,0.4489914111845832,-0.20474663792376055,False
34,A,48,A,0,-0.001824,A,A,0.07970664223803356,0.44590738931157137,-0.21722055690910969,False
27,E,42,E,0,-0.035938,A,A,-0.19372212676073727,0.4417897823309549,-0.2339014622533133,False
25,T,49,T,0,-0.007812,A,A,0.031711934236490484,0.4399911542150807,-0.24119795699535465,False
22,D,44,T,0,-0.037203,A,A,-0.20386128935625367,0.4398488616648839,-0.2417754655118123,False
28,K,41,G,0,-0.035048,A,A,-0.18658864477654005,0.4397188826425538,-0.24230303341121795,False
29,V,50,K,0,0.030991,A,A,0.3427237335991951,0.4391240106622208,-0.2447179706049232,False
24,A,32,Q,0,-0.040456,A,A,-0.2299345667659096,0.4361775715754453,-0.2566899240146574,True
21,V,45,Y,0,-0.024554,A,A,-0.10247767854938693,0.4354377068764722,-0.25969898058271035,False
25,T,37,N,0,-0.039007,A,A,-0.21832061688377266,0.43400591275924494,-0.26552547370068424,True
36,D,48,A,0,-0.006508,A,A,0.04216368761558404,0.4336150823964761,-0.2671166798549156,False
38,G,46,D,0,-0.032603,A,A,-0.16699160719073966,0.4335362679696345,-0.2674376014320789,False
29,V,43,W,0,-0.027902,A,A,-0.12931239504724368,0.4299935678696865,-0.2818773950709339,False
32,Q,47,D,0,-0.017472,A,A,-0.045714398311089005,0.4296119596198491,-0.2834345200315149,False
30,F,42,E,0,-0.020403,A,A,-0.06920679796915892,0.429361565124302,-0.2844564221021191,False
20,A,27,E,0,0.039001,A,A,0.4069250714569707,0.42910741057259216,-0.28549382049226857,True
26,A,35,N,0,-0.029267,A,A,-0.1402530724724451,0.4277027213564314,-0.29123019629963265,True
34,A,50,K,0,0.015065,A,A,0.21507448182354805,0.4265878770069343,-0.2957863075945193,False
21,V,34,A,0,-0.0116,A,A,0.001350552488019375,0.42582049051407134,-0.298924208031937,True
23,A,46,D,0,-0.034282,A,A,-0.18044904118115224,0.4247362507172997,-0.3033602403005773,False
35,N,43,W,0,-0.049155,A,A,-0.2996583418002154,0.42381646217670704,-0.30712576270363856,False
29,V,42,E,0,-0.035953,A,A,-0.19384235398519006,0.4231462531242388,-0.3098708914050432,False
23,A,32,Q,0,-0.060378,A,A,-0.3896123511357728,0.4227513632674663,-0.3114888740392403,True
38,G,48,A,0,-0.023798,A,A,-0.09641822643696764,0.4224638748590317,-0.3126670549467807,False
20,A,38,G,0,0.034460000000000005,A,A,0.3705282830409709,0.41892530526507854,-0.3271866759817237,False
30,F,49,T,0,-0.014357,A,A,-0.020747211366398503,0.4147041187792657,-0.3445522000807846,False
27,E,50,K,0,0.028792,A,A,0.3250984224944201,0.4141666219307355,-0.3467670500912581,False
21,V,30,F,0,-0.021165,A,A,-0.07531434097135928,0.4130812093887167,-0.35124225723511504,True
22,D,40,D,0,-0.049125,A,A,-0.29941788735130986,0.4114165177928386,-0.3581126459425268,False
26,A,42,E,0,-0.034879,A,A,-0.18523408471437225,0.4111254870599768,-0.35931462070839704,False
28,K,50,K,0,0.028907,A,A,0.3260201645485579,0.4093536749544508,-0.36663789017505394,False
20,A,45,Y,0,0.027834,A,A,0.3174199104260369,0.405299115017414,-0.3834332147203252,False
29,V,44,T,0,-0.064373,A,A,-0.42163286858169197,0.4044051079968053,-0.3871436064357834,False
25,T,45,Y,0,-0.05156,A,A,-0.3189347734541417,0.4041138192843939,-0.3883531076897864,False
32,Q,40,D,0,-0.072752,A,A,-0.4887917961610056,0.4028265101907548,-0.3937017004191876,False
24,A,40,D,0,-0.062039,A,A,-0.4029255124568421,0.4018128947121072,-0.3979170458785961,False
26,A,43,W,0,-0.040648,A,A,-0.23147347523890496,0.3996525776436508,-0.4069129110954504,False
35,N,46,D,0,-0.052077,A,A,-0.32307860512361364,0.3994338500711545,-0.4078246238393022,False
22,D,30,F,0,-0.063555,A,A,-0.41507647727486796,0.3976538579138879,-0.4152503437824495,True
34,A,43,W,0,-0.041722,A,A,-0.2400817445097228,0.39720871241448025,-0.4171091468968484,False
22,D,33,Y,0,-0.070755,A,A,-0.4727855450121943,0.3954690581764761,-0.4243803051091399,True
22,D,39,V,0,-0.07915499999999999,A,A,-0.5401127907057416,0.3945072040574181,-0.4284052638675279,False
29,V,38,G,0,-0.071,A,A,-0.4747492563449228,0.3940520145363871,-0.43031123264286775,False
22,D,49,T,0,-0.048321,A,A,-0.2929737081206417,0.3922318504791967,-0.43794035596146097,False
25,T,50,K,0,0.000667,A,A,0.09967237664548907,0.3920607355536481,-0.4386582175479945,False
23,A,33,Y,0,-0.062357,A,A,-0.4054743296152407,0.3919404183372283,-0.4391630391202166,True
26,A,46,D,0,-0.055745,A,A,-0.3524781690764627,0.3911377098769401,-0.4425324203956445,False
31,K,48,A,0,-0.051575,A,A,-0.3190550006785945,0.3892801187700272,-0.45033921038452096,False
31,K,49,T,0,-0.042994,A,A,-0.2502770131433171,0.3860519334305807,-0.4639384394543131,False
40,D,48,A,0,-0.040731,A,A,-0.2321387325475436,0.3860108395889424,-0.4641118230304739,False
24,A,50,K,0,-0.0033619999999999995,A,A,0.06737934415747691,0.3841667375904673,-0.4718995781670952,False
25,T,35,N,0,-0.07888099999999999,A,A,-0.5379166400724045,0.3822378071468686,-0.4800606354820589,True
29,V,36,D,0,-0.071337,A,A,-0.4774503613209615,0.3819744828541388,-0.4811759389210413,True
25,T,44,T,0,-0.076892,A,A,-0.5219745101099682,0.381379947822959,-0.483695158547429,False
37,N,45,Y,0,-0.055484000000000006,A,A,-0.35038621537098463,0.37946590453848106,-0.4918158018155325,False
23,A,35,N,0,-0.093688,A,A,-0.6565969409038754,0.3794453088366192,-0.4919032685205291,True
34,A,44,T,0,-0.074888,A,A,-0.505912152923079,0.3794205652003029,-0.4920083532897897,False
32,Q,48,A,0,-0.050548,A,A,-0.31082344337772866,0.37880240921053,-0.4946344915460226,False
31,K,42,E,0,-0.08093099999999999,A,A,-0.5543476940809487,0.3777112867144951,-0.4992740422937945,False
23,A,43,W,0,-0.08770499999999999,A,A,-0.6086423086438166,0.37458201063688734,-0.5126094431841999,False
20,A,42,E,0,-0.019743,A,A,-0.06391680009323733,0.37455649815998376,-0.5127183465421847,False
27,E,34,A,0,-0.073045,A,A,-0.4911402346119829,0.3731990438057863,-0.5185171291776021,True
38,G,47,D,0,-0.067069,A,A,-0.4432417083900021,0.3730708442853871,-0.5190652122890471,False
22,D,31,K,0,-0.093739,A,A,-0.657005713467015,0.3707377635481702,-0.5290531040327289,True
21,V,41,G,0,-0.074561,A,A,-0.5032911994300088,0.3689520022886884,-0.5367153652702163,False
37,N,49,T,0,-0.047445,A,A,-0.2859524382126004,0.3681923406542903,-0.5399795449001168,False
26,A,39,V,0,-0.092408,A,A,-0.6463375510839064,0.3674879737945597,-0.5430086404355654,False
37,N,44,T,0,-0.073949,A,A,-0.4983859286723361,0.36595787644523387,-0.54959715807012,False
26,A,40,D,0,-0.072375,A,A,-0.4857700852530927,0.3654060749557095,-0.5519760369134663,False
41,G,50,K,0,-0.020949,A,A,-0.07358306893923952,0.3647685457688718,-0.5547263960713047,False
22,D,35,N,0,-0.09095,A,A,-0.6346514648670979,0.3631014499002369,-0.5619281093510171,True
25,T,32,Q,0,-0.093724,A,A,-0.6568854862425622,0.3628465367073889,-0.5630305612601156,True
32,Q,49,T,0,-0.053152,A,A,-0.3316948895427283,0.3613723416249462,-0.5694127462653231,False
40,D,50,K,0,-0.004396,A,A,0.0590916808185331,0.36129633556183216,-0.5697421021572175,False
32,Q,44,T,0,-0.078239,A,A,-0.5327709148658264,0.3609415840140563,-0.5712797399140612,False
21,V,44,T,0,-0.089784,A,A,-0.6253058019529697,0.3604820190866194,-0.5732726599932438,False
23,A,45,Y,0,-0.072377,A,A,-0.4857861155496864,0.3604248816552785,-0.5735205159528318,False
33,Y,40,D,0,-0.081998,A,A,-0.5628998573136887,0.35923617239419475,-0.5786809113416158,False
25,T,38,G,0,-0.10326,A,A,-0.7333179404013321,0.3590388935347396,-0.5795380575815763,True
32,Q,46,D,0,-0.084111,A,A,-0.5798358656649347,0.3578231587623795,-0.5848248249808545,False
33,Y,42,E,0,-0.08190399999999999,A,A,-0.5621464333737847,0.3564975065494897,-0.5905986562758323,False
23,A,49,T,0,-0.058977,A,A,-0.3783831283718847,0.356093316962714,-0.5923609906863194,False
31,K,45,Y,0,-0.084536,A,A,-0.5832423036910963,0.3545662529848552,-0.5990273469138039,False
36,D,50,K,0,-0.011698,A,A,0.000565067954927982,0.35437163977429714,-0.5998778521507102,False
31,K,47,D,0,-0.085188,A,A,-0.5884681803806431,0.3534495130828278,-0.6039106328387271,False
24,A,46,D,0,-0.101053,A,A,-0.7156285081101823,0.3524059910637872,-0.6084800759152174,False
31,K,41,G,0,-0.113314,A,A,-0.8139022413778709,0.35017805469545604,-0.6182566422365281,False
30,F,44,T,0,-0.099413,A,A,-0.7024836649033468,0.3483831874114887,-0.6261536911578447,False
27,E,40,D,0,-0.112465,A,A,-0.8070973804738446,0.3478188534220561,-0.6286405474082155,False
20,A,34,A,0,0.0026620000000000003,A,A,0.1156625974977066,0.3472390139476191,-0.6311976940169504,True
42,E,50,K,0,-0.044545,A,A,-0.2627085081517328,0.34470426873927185,-0.6423997744765515,False
22,D,36,D,0,-0.103959,A,A,-0.7389205290608308,0.3433871587908068,-0.6482360085576042,True
39,V,49,T,0,-0.083503,A,A,-0.5749626555004493,0.3428566529812685,-0.6505897404098127,False
22,D,50,K,0,-0.042935,A,A,-0.2498041193938029,0.3424672549911113,-0.6523185178403348,False
38,G,50,K,0,-0.030719,A,A,-0.1518910677994726,0.3418870070486861,-0.6548963446676352,False
20,A,36,D,0,-0.035374,A,A,-0.18920158312131344,0.3403755041978093,-0.6616212950613921,False
28,K,48,A,0,-0.08601,A,A,-0.5950566322806545,0.3338483263845956,-0.6908306055578914,False
35,N,48,A,0,-0.087921,A,A,-0.6103735806759365,0.3324172415543913,-0.6972724337442493,False
35,N,47,D,0,-0.094775,A,A,-0.6653094071025524,0.33081989794563976,-0.7044791224161404,False
41,G,48,A,0,-0.105253,A,A,-0.7492921309569559,0.32927322074551485,-0.7114740053112367,False
20,A,44,T,0,-0.041305,A,A,-0.236739427669936,0.3277480325434115,-0.7183881021115406,False
37,N,47,D,0,-0.098877,A,A,-0.6981875454162347,0.325089144007257,-0.7304811829828015,False
21,V,50,K,0,-0.06299500000000001,A,A,-0.4105879942286316,0.3240767113334054,-0.7350993401569474,False
20,A,28,K,0,-0.05094,A,A,-0.3139653815100942,0.31917460224830146,-0.757567586790306,True
30,F,47,D,0,-0.117865,A,A,-0.8503791812768393,0.3182209587597655,-0.7619596385386411,False
29,V,49,T,0,-0.103898,A,A,-0.738431605014723,0.315468010437766,-0.7746780942234737,False
19,E,47,D,0,0.130411,A,A,1.1395897772721093,0.3148777790774673,-0.777412686446513,False
23,A,39,V,0,-0.132549,A,A,-0.9680736188677976,0.3140668996515953,-0.7811740821820847,False
21,V,37,N,0,-0.133409,A,A,-0.9749666464030892,0.310282112451914,-0.79880073154871,False
23,A,50,K,0,-0.05433,A,A,-0.3411367342364186,0.3077240326667233,-0.810781289351513,False
23,A,42,E,0,-0.13985999999999998,A,A,-1.0266723680660743,0.3075312796640188,-0.8116862632936108,False
38,G,45,Y,0,-0.122395,A,A,-0.8866878030615737,0.3056857719841211,-0.8203669507546629,False
22,D,29,V,0,-0.149332,A,A,-1.102591852733846,0.3047482165709818,-0.824788142033789,True
20,A,37,N,0,-0.06325399999999999,A,A,-0.4126639176375158,0.3046283120627786,-0.8253541209196893,False
21,V,36,D,0,-0.140234,A,A,-1.0296700335290967,0.3041678774983152,-0.8275286503410553,False
40,D,49,T,0,-0.096332,A,A,-0.6777889930007492,0.3039052498734787,-0.8287698115313566,False
38,G,49,T,0,-0.107985,A,A,-0.7711895161039525,0.30286688504375114,-0.833682989555562,False
24,A,42,E,0,-0.142826,A,A,-1.0504452979145342,0.3026893525801774,-0.8345239630237136,False
31,K,43,W,0,-0.13985,A,A,-1.0265922165831058,0.30204282470370425,-0.837588936460139,False
20,A,31,K,0,-0.05918200000000001,A,A,-0.3800262337727392,0.29875918940631035,-0.8532134901366328,True
35,N,42,E,0,-0.147875,A,A,-1.0909137816653345,0.29678460396980544,-0.8626566038415273,False
22,D,37,N,0,-0.1454,A,A,-1.0710762896306285,0.2966460513811288,-0.8633205662879462,False
36,D,47,D,0,-0.123351,A,A,-0.8943502848333632,0.2940209703302803,-0.8759344415857044,False
25,T,46,D,0,-0.15012799999999998,A,A,-1.1089719107781393,0.2939580500652508,-0.8762375845939703,False
21,V,46,D,0,-0.162745,A,A,-1.2100990368395068,0.2889167800838905,-0.900650780792088,False
28,K,45,Y,0,-0.131083,A,A,-0.9563234114646142,0.28786657123022863,-0.9057682153698609,False
33,Y,43,W,0,-0.13663,A,A,-1.000783439067246,0.28782337541037795,-0.9059789367141132,False
20,A,30,F,0,-0.048075,A,A,-0.29100198163961644,0.287262692328802,-0.908715818682047,True
21,V,29,V,0,-0.134921,A,A,-0.987085550627928,0.2862192186485329,-0.9138178702962532,True
24,A,34,A,0,-0.15216500000000002,A,A,-1.1252987678588249,0.2853145726101842,-0.9182501490758592,True
21,V,33,Y,0,-0.13055999999999998,A,A,-0.952131488905361,0.28508991671552003,-0.91935214938447,True
27,E,49,T,0,-0.12074,A,A,-0.8734227326302856,0.2847888427624546,-0.9208298208251716,False
26,A,37,N,0,-0.144447,A,A,-1.0634378533037294,0.2839808969501751,-0.9247998752030028,True
24,A,31,K,0,-0.175231,A,A,-1.3101761784739872,0.2801008866609737,-0.9439612340530168,True
35,N,50,K,0,-0.084869,A,A,-0.5859113480739476,0.2719103002895181,-0.9849520209347022,False
30,F,38,G,0,-0.161745,A,A,-1.202083888542656,0.2716429972683557,-0.9863026222057898,False
20,A,40,D,0,-0.098384,A,A,-0.6942360773058872,0.2695785859096903,-0.996761700391315,False
36,D,45,Y,0,-0.145932,A,A,-1.075340348524553,0.26930932492643306,-0.9981295913259608,False
21,V,43,W,0,-0.187008,A,A,-1.4045705799659995,0.26859296816481665,-1.0017730157153208,False
19,E,41,G,0,0.108133,A,A,0.9610283035148656,0.26743134546874625,-1.0076941818798169,False
24,A,49,T,0,-0.147974,A,A,-1.0917072813467223,0.2652122496007622,-1.019051235249191,False
33,Y,46,D,0,-0.168047,A,A,-1.25259535310941,0.262916521810518,-1.0308645791032631,False
24,A,47,D,0,-0.167678,A,A,-1.249637763387872,0.2619207921166226,-1.0360090087089344,False
30,F,37,N,0,-0.168166,A,A,-1.2535491557567355,0.2575276877715338,-1.0588583404038745,True
32,Q,45,Y,0,-0.160127,A,A,-1.1891153785983508,0.2568504954440765,-1.0624030560783484,False
39,V,50,K,0,-0.118551,A,A,-0.855877573008479,0.25434006456351577,-1.0755974372111026,False
18,T,50,K,0,0.031323000000000004,A,A,0.3453847628337497,0.2526600891662148,-1.08447505190763,False
36,D,49,T,0,-0.14548,A,A,-1.0717175014943765,0.2520342417834767,-1.0877922407675245,False
26,A,38,G,0,-0.181676,A,A,-1.3618338092471909,0.2514303490402371,-1.0909982445865936,True
28,K,38,G,0,-0.198476,A,A,-1.4964883006342855,0.2506765080890551,-1.0950074931838143,False
26,A,48,A,0,-0.163805,A,A,-1.2185950940341688,0.2499474565742151,-1.0988925399079434,False
29,V,37,N,0,-0.186453,A,A,-1.4001221726612474,0.24988166953093885,-1.099243484110259,True
19,E,28,K,0,0.088784,A,A,0.8059431991190981,0.24927995048708695,-1.1024562479202802,True
21,V,39,V,0,-0.173264,A,A,-1.294410381774081,0.2476824513680747,-1.111011019263175,False
28,K,47,D,0,-0.169237,A,A,-1.2621333795826626,0.24679532833434306,-1.1157776362887812,False
26,A,36,D,0,-0.17971800000000002,A,A,-1.3461401488819569,0.2442884787337716,-1.1293099008991327,True
27,E,41,G,0,-0.205507,A,A,-1.5528428083094443,0.2397283609248056,-1.1541693363975924,False
35,N,49,T,0,-0.164838,A,A,-1.226874742224816,0.2353178022638139,-1.1785233691154873,False
18,T,48,A,0,0.073031,A,A,0.679680567998806,0.23335105375827034,-1.1894850112143187,False
33,Y,50,K,0,-0.148464,A,A,-1.0956347040121794,0.23219009698475476,-1.1959857606836066,False
31,K,46,D,0,-0.206211,A,A,-1.5584854727104271,0.23098331302279615,-1.2027671989345,False
19,E,26,A,0,0.0908,A,A,0.8221017380855494,0.2306280177225752,-1.2047684749419902,True
22,D,48,A,0,-0.200398,A,A,-1.5118934156608328,0.229837900864674,-1.2092267294488301,False
27,E,37,N,0,-0.222738,A,A,-1.6909518286124816,0.22962782998275064,-1.2104138679361842,True
22,D,46,D,0,-0.216276,A,A,-1.6391579403182313,0.2282030759912751,-1.2184855469154852,False
25,T,43,W,0,-0.206662,A,A,-1.5621003045923068,0.2257579895051235,-1.232420917162344,False
19,E,33,Y,0,0.080332,A,A,0.7381991657141144,0.22511639028642114,-1.2360952784424537,True
24,A,45,Y,0,-0.204633,A,A,-1.5458375686979962,0.22498891810852598,-1.236826180325456,False
21,V,31,K,0,-0.211402,A,A,-1.60009210751938,0.21831136125862693,-1.2755341946348446,True
22,D,43,W,0,-0.223892,A,A,-1.7002013097470474,0.21297248860195364,-1.3071002092359691,False
19,E,42,E,0,0.028605,A,A,0.3235995897629089,0.21277953483526293,-1.3082517608588202,False
18,T,31,K,0,0.090739,A,A,0.8216128140394414,0.21073782307645594,-1.3204837395775963,True
18,T,27,E,0,0.083715,A,A,0.7653144124023609,0.20945414039252547,-1.3282188532598145,True
20,A,43,W,0,-0.173575,A,A,-1.296903092894402,0.2077435234406208,-1.338580914955895,False
19,E,50,K,0,-0.057458,A,A,-0.36620811810896825,0.20705501356350486,-1.3427693212885758,False
18,T,38,G,0,0.076188,A,A,0.7049843911719643,0.20000800221109136,-1.3862443480509623,False
28,K,44,T,0,-0.228218,A,A,-1.734874841279224,0.19879321584661425,-1.3938539031261752,False
20,A,33,Y,0,-0.143112,A,A,-1.0527376303274334,0.19808741146231268,-1.3982912047718898,True
32,Q,50,K,0,-0.161127,A,A,-1.1971305268952022,0.197206528110288,-1.403845939583975,False
28,K,49,T,0,-0.205684,A,A,-1.5542614895579867,0.19687345150549326,-1.4059511519882286,False
34,A,46,D,0,-0.233479,A,A,-1.7770425364689568,0.19481641277498726,-1.4190126679308055,False
21,V,48,A,0,-0.246524,A,A,-1.8816001460013765,0.19238579713759293,-1.4345817567346053,False
27,E,47,D,0,-0.232875,A,A,-1.7722013868976594,0.1910254182888304,-1.4433609979335251,False
18,T,36,D,0,0.06339199999999999,A,A,0.6024225535654604,0.1900086931090565,-1.44995369105609,False
30,F,50,K,0,-0.197463,A,A,-1.4883689554095756,0.1887337661366631,-1.4582589015362908,False
27,E,45,Y,0,-0.240541,A,A,-1.8336455137413172,0.18482777005180406,-1.4839749972435246,False
18,T,29,V,0,0.070974,A,A,0.6631934079521838,0.184642089426534,-1.4852078714448682,True
18,T,43,W,0,0.028097000000000004,A,A,0.31952789442810875,0.17905152650302142,-1.5227867248449851,False
19,E,38,G,0,0.009111,A,A,0.16735228886409792,0.17860559250795774,-1.5258234120052716,False
25,T,48,A,0,-0.258863,A,A,-1.98049906083622,0.17453144660533826,-1.5538462334451233,False
18,T,32,Q,0,0.040060000000000005,A,A,0.4154131135033358,0.17304420533704615,-1.5642041569134897,True
29,V,47,D,0,-0.276744,A,A,-2.12381792753221,0.1689212628989779,-1.5932918338357958,False
19,E,37,N,0,-0.003287,A,A,0.06798048027974073,0.16719831794970602,-1.60561489656113,False
19,E,34,A,0,0.010981,A,A,0.18234061617920905,0.16169376362713744,-1.6456792726361493,False
24,A,33,Y,0,-0.294286,A,A,-2.2644196589555685,0.1590434304334172,-1.6653627049181785,True
20,A,35,N,0,-0.225583,A,A,-1.7137549255170224,0.15229558995130482,-1.7167086988161475,False
20,A,41,G,0,-0.223108,A,A,-1.6939174334823164,0.14685152973185164,-1.7595115143728701,False
18,T,40,D,0,0.0064340000000000005,A,A,0.1458957368734281,0.14538032074293605,-1.7713033401003626,False
18,T,46,D,0,-0.011774,A,A,-4.4083315632682206e-05,0.1452365834703002,-1.7724607019025802,False
18,T,25,T,0,0.004369,A,A,0.12934445564043104,0.1391589745217234,-1.8222928667843243,True
19,E,43,W,0,-0.067691,A,A,-0.4482271306306432,0.1360637324996462,-1.84837560432784,False
19,E,27,E,0,-0.055972,A,A,-0.3542976077398478,0.13311027455906765,-1.8737338610300944,True
20,A,39,V,0,-0.239067,A,A,-1.8218311851517597,0.13224890542129955,-1.881219122023145,False
19,E,36,D,0,-0.07216499999999999,A,A,-0.484086904110754,0.1198399750805258,-1.9939464256102342,False
19,E,32,Q,0,-0.07495,A,A,-0.5064090921174838,0.11964352925705528,-1.995810173540012,True
19,E,40,D,0,-0.07105,A,A,-0.4751500137597653,0.11944967293385107,-1.9976519480077572,False
20,A,47,D,0,-0.297775,A,A,-2.292384511363281,0.11309659265608887,-2.059493822389863,False
18,T,49,T,0,-0.10437,A,A,-0.7422147550108367,0.11294776711418833,-2.060978393787573,False
18,T,28,K,0,-0.060453,A,A,-0.39021348725803656,0.1075310353079692,-2.1162122331538917,True
18,T,37,N,0,-0.06172100000000001,A,A,-0.4003766952984436,0.10690978881185216,-2.122702212500839,False
18,T,35,N,0,-0.06237300000000001,A,A,-0.4056025719879903,0.10690968602888792,-2.122703288987174,False
18,T,30,F,0,-0.039706,A,A,-0.2239232055432714,0.10430893839743363,-2.150238498944575,True
18,T,39,V,0,-0.054492999999999986,A,A,-0.3424432034088053,0.10349815898943816,-2.158946521590848,False
18,T,44,T,0,-0.07195900000000001,A,A,-0.4824357835616029,0.10216873948158173,-2.1733563896982315,False
19,E,44,T,0,-0.126112,A,A,-0.9164801092809683,0.09602053646809787,-2.2422445526695958,False
19,E,31,K,0,-0.120062,A,A,-0.8679884620850206,0.09567813828303873,-2.2461955064778087,True
19,E,45,Y,0,-0.124034,A,A,-0.8998246311201122,0.09329117920309524,-2.274095801986621,False
18,T,41,G,0,-0.104308,A,A,-0.7417178158164318,0.08340132751100375,-2.3970054971386747,False
18,T,26,A,0,-0.087804,A,A,-0.6094358083252049,0.08248895238367521,-2.409000246982035,True
18,T,34,A,0,-0.087755,A,A,-0.6090430660586593,0.08218266735339651,-2.4130539663950197,False
19,E,46,D,0,-0.173933,A,A,-1.2997725159846745,0.08075643679357884,-2.4321134463939083,False
18,T,42,E,0,-0.137888,A,A,-1.010866495624685,0.07971398040221807,-2.446239529354727,False
19,E,29,V,0,-0.15287,A,A,-1.1309494474081043,0.0771111129235952,-2.4822614382151333,True
18,T,33,Y,0,-0.117605,A,A,-0.8482952427196581,0.07269071399858203,-2.54607350581392,False
19,E,35,N,0,-0.180817,A,A,-1.354948796860196,0.07089035376239056,-2.5730923877845,False
19,E,30,F,0,-0.188509,A,A,-1.4166013175595726,0.0608343421602009,-2.7368374154006028,True
18,T,45,Y,0,-0.170159,A,A,-1.2695233463123592,0.05987791072971601,-2.7537020810430985,False
19,E,48,A,0,-0.276542,A,A,-2.122198867576246,0.05344159317471782,-2.8742433357751103,False
19,E,39,V,0,-0.249105,A,A,-1.9022872437555491,0.04760197943282062,-2.9961086911517776,False
18,T,47,D,0,-0.302491,A,A,-2.3301839507312296,0.033163227345551,-3.3725880315414245,False
