i,A_i,j,A_j,fn,cn,segment_i,segment_j,mad_score,probability,score
27,E,44,T,0,0.466001,A,A,3.8293933942122957,0.9186274290701089,2.4238423813318475
33,Y,49,T,0,0.326542,A,A,2.7116088278817694,0.8249611517434792,1.5503283571055524
20,A,29,V,0,0.379974,A,A,3.139874231679105,0.8164142855385964,1.4922402617777693
33,Y,45,Y,0,0.238724,A,A,2.0077345347489186,0.7786479353784461,1.2578045128562028
41,G,47,D,0,0.246365,A,A,2.068978282885156,0.7759236740466404,1.2420674224791481
29,V,35,N,0,0.23268899999999998,A,A,1.9593631147774233,0.7679762129328445,1.196918863052016
31,K,44,T,0,0.225908,A,A,1.9050123941764778,0.7580902157907686,1.1422375326254528
30,F,43,W,0,0.224204,A,A,1.8913545814786437,0.7383550831416585,1.037436545983899
27,E,46,D,0,0.200126,A,A,1.6983658407870683,0.7287221334701086,0.9881488647988836
34,A,45,Y,0,0.187296,A,A,1.5955314881384715,0.7284226590235997,0.9866344910274576
32,Q,38,G,0,0.17216700000000001,A,A,1.4742703095554148,0.7179956586268592,0.9345410567894183
21,V,49,T,0,0.195707,A,A,1.6629469004632842,0.7158098769458399,0.9237711351530717
26,A,34,A,0,0.158503,A,A,1.3647513232272444,0.709932060243426,0.895054105093728
22,D,47,D,0,0.17302,A,A,1.4811072310526285,0.7034028599400844,0.8635549986687148
22,D,41,G,0,0.152315,A,A,1.315153585566331,0.7004135190669748,0.8492677752451538
26,A,50,K,0,0.21101399999999998,A,A,1.7856347754431805,0.6857502036939254,0.7803252275763852
28,K,37,N,0,0.13762,A,A,1.1973709813441074,0.6856051806282544,0.7796523410032283
28,K,35,N,0,0.135249,A,A,1.178367064732274,0.6820537668949613,0.7632262016265781
29,V,39,V,0,0.13084300000000001,A,A,1.143052321336349,0.6755584287284476,0.733434188449904
27,E,36,D,0,0.129868,A,A,1.1352375517469195,0.6696631392625345,0.7066618848079496
36,D,46,D,0,0.153773,A,A,1.3268396717831397,0.6688457054842825,0.7029689856376822
39,V,46,D,0,0.13783099999999998,A,A,1.1990621776347428,0.6646596130781363,0.6841289532493167
33,Y,47,D,0,0.138764,A,A,1.2065403109957047,0.6619477265681032,0.6719860512821105
25,T,47,D,0,0.132432,A,A,1.155788391980045,0.6494717438262417,0.6167180106792394
31,K,37,N,0,0.116645,A,A,1.0292532458176602,0.649134750883366,0.615238079527433
32,Q,43,W,0,0.117404,A,A,1.03533674337497,0.646142510396271,0.6021258234424993
30,F,48,A,0,0.146478,A,A,1.2683691649576125,0.6442715429576882,0.5939526091054979
31,K,38,G,0,0.10544,A,A,0.9394435091514463,0.6436826791957228,0.5913841860940261
23,A,48,A,0,0.139212,A,A,1.210131097432694,0.6346495849940555,0.552216077770942
26,A,47,D,0,0.121502,A,A,1.068182821095465,0.6345153051902004,0.5516370048710082
35,N,44,T,0,0.12381400000000001,A,A,1.0867138439577841,0.6308068904856737,0.5356799392698477
21,V,42,E,0,0.09135399999999999,A,A,0.8265421302420046,0.6236890414121908,0.5052360939709215
34,A,47,D,0,0.11023499999999999,A,A,0.977876145234846,0.6190900454876344,0.48568772405884264
29,V,40,D,0,0.096673,A,A,0.8691747040329545,0.6053937292183811,0.4279905535025974
33,Y,44,T,0,0.086536,A,A,0.7879251457477772,0.6037681813996891,0.4211908781526479
34,A,42,E,0,0.108224,A,A,0.9617576820098791,0.6032677810843338,0.4190996379979537
25,T,41,G,0,0.067639,A,A,0.6364628883821862,0.5948993416451016,0.384256642154734
23,A,38,G,0,0.069927,A,A,0.654801547685381,0.5948924318896364,0.3842279703480964
24,A,38,G,0,0.068638,A,A,0.6444700215307402,0.5928301863887504,0.37567766350842136
28,K,40,D,0,0.067232,A,A,0.6332007230253679,0.5924577728170602,0.3741350486613946
39,V,45,Y,0,0.082357,A,A,0.7544298410152374,0.5888685376395337,0.3592899397716738
34,A,49,T,0,0.1142,A,A,1.0096562082318599,0.5887065708553516,0.35862097832098994
29,V,46,D,0,0.079247,A,A,0.7295027298120311,0.5868980606293036,0.35115675405978863
26,A,49,T,0,0.108713,A,A,0.9656770895270391,0.582472182838983,0.3329302595147503
34,A,41,G,0,0.07281900000000001,A,A,0.6779813565598738,0.5807183500644045,0.3257229821327512
21,V,35,N,0,0.072438,A,A,0.6749275850587735,0.5802186780348062,0.3236711498783351
32,Q,42,E,0,0.06586,A,A,0.6222039395620884,0.5755752781393649,0.30463536800342217
24,A,36,D,0,0.06407,A,A,0.6078568241107254,0.574850831945774,0.30167049343739394
29,V,45,Y,0,0.06926,A,A,0.6494554437713814,0.5745834651301669,0.30057659881322296
22,D,38,G,0,0.060382000000000005,A,A,0.5782969571919394,0.5743661703159549,0.2996876984020149
28,K,36,D,0,0.046876999999999995,A,A,0.4700523794429682,0.5677317769909964,0.27260280141237847
26,A,45,Y,0,0.054345000000000004,A,A,0.5299095069238506,0.565557659132695,0.26374901805144346
30,F,46,D,0,0.073516,A,A,0.6835679149227788,0.5646780116270114,0.2601697173415072
24,A,35,N,0,0.053627999999999995,A,A,0.5241626455950085,0.5645644007341812,0.25970755397553047
28,K,46,D,0,0.070546,A,A,0.6597629244811316,0.5643610208772978,0.25888028384669415
40,D,46,D,0,0.07232000000000001,A,A,0.6739817975597452,0.5615950694355133,0.24763809088176814
22,D,42,E,0,0.056485,A,A,0.5470619242791114,0.5603375370679605,0.24253204409790508
25,T,34,A,0,0.051546,A,A,0.507475106840965,0.5559912519886991,0.22490829532724588
28,K,42,E,0,0.047755,A,A,0.4770896796476033,0.5506698445306044,0.2033775059538705
24,A,39,V,0,0.038789,A,A,0.4052258600180383,0.549435787222728,0.1983913067003542
39,V,48,A,0,0.06059199999999999,A,A,0.579980138334278,0.5489308059007463,0.1963516454977241
27,E,48,A,0,0.069495,A,A,0.6513390036211414,0.5449386432388356,0.18024094722831774
24,A,41,G,0,0.027975999999999997,A,A,0.3185580614841897,0.5433069823811301,0.17366307396720115
24,A,48,A,0,0.058412,A,A,0.562507115047143,0.5424876099877742,0.17036128007879192
26,A,44,T,0,0.041829000000000005,A,A,0.429591910840465,0.5376100392556828,0.1507248573159079
23,A,30,F,0,0.050669,A,A,0.5004458217846267,0.5371333712902691,0.14880747369372216
40,D,47,D,0,0.063071,A,A,0.5998496909621713,0.5334352480439578,0.13394087696746038
20,A,48,A,0,0.079208,A,A,0.729190139028454,0.5328527213331322,0.1316004859545803
22,D,34,A,0,0.034854,A,A,0.3736862514699301,0.5307165597669944,0.12302115690082926
20,A,32,Q,0,0.109422,A,A,0.9713598296695064,0.5293187671269972,0.11740975780164131
30,F,40,D,0,0.050623,A,A,0.5000771249629716,0.5290844118623764,0.11646912830308898
30,F,45,Y,0,0.028183,A,A,0.3202171971816379,0.5290492444337238,0.11632798157996405
37,N,43,W,0,0.028041000000000003,A,A,0.3190790461234851,0.5278588625114274,0.11155098113325312
22,D,45,Y,0,0.033010000000000005,A,A,0.35890631801053713,0.5247432525058291,0.09905392107900779
24,A,43,W,0,0.030206,A,A,0.3364318421861672,0.523949775357384,0.09587246855237508
43,W,50,K,0,0.090058,A,A,0.816154498049286,0.519440213879704,0.07780007447236237
37,N,50,K,0,0.11007,A,A,0.9765536457658658,0.5194272520362951,0.07774814865543567
30,F,41,G,0,0.027467000000000002,A,A,0.31447835100109267,0.5194050982157478,0.07765939954388212
32,Q,41,G,0,0.022233000000000003,A,A,0.2725270648153752,0.5183011470614647,0.07323730596020583
25,T,39,V,0,0.01037,A,A,0.17744336056983318,0.517957109014212,0.07185934216109224
26,A,41,G,0,0.025512,A,A,0.2988087360807492,0.5178144056338148,0.07128779728606105
30,F,39,V,0,0.020022,A,A,0.25480557193103787,0.5169016399175227,0.06763232781505302
26,A,33,Y,0,0.010107,A,A,0.17533537656776138,0.5152326778010962,0.060949572409596975
23,A,36,D,0,0.009923000000000001,A,A,0.17386058928114084,0.5149130108846321,0.05966974163771699
23,A,41,G,0,0.01792,A,A,0.23795773021105732,0.5146356444246433,0.05855930622245076
27,E,39,V,0,0.0185,A,A,0.2426065162232308,0.513592422018622,0.0543830873682154
29,V,48,A,0,0.036647000000000006,A,A,0.3880574123661838,0.5132083562217147,0.05284571984179598
27,E,43,W,0,0.017272,A,A,0.2327639141146979,0.5131248975284322,0.05251165341277897
24,A,44,T,0,0.021925,A,A,0.27005839913994506,0.5113990773340649,0.04560421145030835
36,D,43,W,0,0.017075,A,A,0.23118492990021833,0.5099944062899051,0.039982950824811514
28,K,43,W,0,0.013681,A,A,0.20398151658070643,0.5081392525626895,0.03255988646584829
41,G,49,T,0,0.039244,A,A,0.40887275249310545,0.504587808738544,0.01835174998898248
19,E,49,T,0,0.23306500000000002,A,A,1.9623768105370396,0.5030043192009213,0.012017421429678876
25,T,36,D,0,0.013266,A,A,0.20065523003751332,0.5022018087604629,0.008807291972033227
23,A,47,D,0,0.032622000000000005,A,A,0.355796440471359,0.499869886343874,-0.0005204546362520546
29,V,41,G,0,0.001841,A,A,0.10908216074599203,0.49928296165159913,-0.002868155359797786
31,K,39,V,0,0.000962,A,A,0.1020368453930601,0.49752399549336773,-0.009904098984462095
36,D,42,E,0,0.009288,A,A,0.16877097011264053,0.4954580861809125,-0.018168155008048803
37,N,48,A,0,0.036654,A,A,0.38811351840426167,0.4951389163452288,-0.019444947283481895
42,E,49,T,0,0.024634,A,A,0.2917714358761141,0.494957531502156,-0.020170557831867164
20,A,46,D,0,0.070891,A,A,0.6625281506435452,0.49174928831820575,-0.0330058427417641
23,A,31,K,0,-0.006232,A,A,0.04437586854551489,0.4884591989522487,-0.04617140478755877
32,Q,39,V,0,0.003145,A,A,0.11953391412508557,0.48803319512171034,-0.04787636238549631
39,V,47,D,0,0.007194,A,A,0.15198724957903478,0.48671586820008916,-0.053149035037515446
33,Y,41,G,0,-0.002286,A,A,0.07600364372488845,0.48629603918360137,-0.05482957523594756
37,N,46,D,0,0.012793,A,A,0.19686406489310285,0.48586180056325673,-0.05656787733418023
25,T,33,Y,0,-0.006594,A,A,0.04147438486205487,0.48429263328839767,-0.06285014758960594
23,A,40,D,0,-0.011304,A,A,0.00372303638388723,0.4834458827635564,-0.0662406793795034
21,V,47,D,0,-0.004929,A,A,0.05481960677631158,0.4793024909461901,-0.08283737311372041
23,A,34,A,0,0.0068579999999999995,A,A,0.14929415975129287,0.47730878683680156,-0.09082724179403945
23,A,44,T,0,0.005268999999999999,A,A,0.13655808910759681,0.4736245478710867,-0.10559983070541668
21,V,28,K,0,-0.007093,A,A,0.03747482586192628,0.47316255159753445,-0.10745306357084639
36,D,44,T,0,0.008964,A,A,0.16617406206446084,0.47310807438449515,-0.1076716033137246
23,A,37,N,0,-0.022833000000000003,A,A,-0.08868360833050658,0.47304861389351766,-0.10791013681090966
31,K,40,D,0,-0.011678000000000001,A,A,0.000725370920864993,0.4730146625714519,-0.10804633833262622
22,D,32,Q,0,-0.010343999999999999,A,A,0.01141757874886408,0.46933429698000495,-0.1228169605452627
21,V,32,Q,0,-0.009604999999999999,A,A,0.01734077334023688,0.4692005654902373,-0.12335391510210192
21,V,38,G,0,-0.004306,A,A,0.05981304416524968,0.46780867414470695,-0.12894366335527563
25,T,42,E,0,-0.008448,A,A,0.026614299919693333,0.4669983508210324,-0.13219879207527896
21,V,40,D,0,-0.011826999999999999,A,A,-0.0004688861753657726,0.4663060887009906,-0.13498021359890755
25,T,40,D,0,-0.011763,A,A,4.4083315632682206e-05,0.4655797590230085,-0.1378990750013278
27,E,35,N,0,-0.028133999999999996,A,A,-0.13117190945211304,0.4644561367528497,-0.14241567466656058
27,E,38,G,0,-0.028337,A,A,-0.1327989845563738,0.46408899299402767,-0.14389178649908896
33,Y,39,V,0,-0.025687,A,A,-0.11155884156971897,0.4620402349659214,-0.15213179522258224
23,A,29,V,0,-0.017918,A,A,-0.04928915445148448,0.458419870873078,-0.16670551893266916
20,A,49,T,0,0.006540000000000001,A,A,0.1467453425928943,0.45833912168594027,-0.1670307693634263
35,N,45,Y,0,0.002794,A,A,0.11672059707289091,0.4577298401592264,-0.16948518572023819
33,Y,48,A,0,0.001135,A,A,0.10342346604841532,0.4574076129185829,-0.1707834443356342
28,K,39,V,0,-0.019688999999999998,A,A,-0.06348398208520738,0.4563611594337592,-0.17500061802436617
24,A,37,N,0,-0.025478,A,A,-0.10988367557567713,0.4559775901764643,-0.17654677657912554
20,A,50,K,0,-0.038939,A,A,-0.2177755867995868,0.45475141038895417,-0.18149089954183983
31,K,50,K,0,0.048972,A,A,0.4868441151248708,0.4489914111845832,-0.20474663792376058
34,A,48,A,0,-0.0018239999999999999,A,A,0.07970664223803356,0.44590738931157137,-0.21722055690910969
27,E,42,E,0,-0.035938,A,A,-0.19372212676073727,0.4417897823309549,-0.23390146225331332
25,T,49,T,0,-0.007812,A,A,0.03171193423649049,0.43999115421508067,-0.24119795699535462
22,D,44,T,0,-0.037203,A,A,-0.20386128935625367,0.43984886166488385,-0.24177546551181228
28,K,41,G,0,-0.035048,A,A,-0.18658864477654005,0.4397188826425538,-0.24230303341121795
29,V,50,K,0,0.030991,A,A,0.3427237335991951,0.4391240106622208,-0.24471797060492317
24,A,32,Q,0,-0.040456,A,A,-0.22993456676590956,0.43617757157544534,-0.2566899240146574
21,V,45,Y,0,-0.024554,A,A,-0.10247767854938691,0.4354377068764722,-0.25969898058271035
25,T,37,N,0,-0.039007,A,A,-0.21832061688377263,0.43400591275924494,-0.26552547370068424
36,D,48,A,0,-0.006508,A,A,0.04216368761558404,0.4336150823964761,-0.2671166798549156
38,G,46,D,0,-0.032603,A,A,-0.16699160719073963,0.4335362679696345,-0.26743760143207895
29,V,43,W,0,-0.027902,A,A,-0.12931239504724368,0.42999356786968645,-0.2818773950709339
32,Q,47,D,0,-0.017472,A,A,-0.045714398311089005,0.4296119596198491,-0.2834345200315149
30,F,42,E,0,-0.020403,A,A,-0.06920679796915892,0.42936156512430196,-0.2844564221021191
20,A,27,E,0,0.039001,A,A,0.4069250714569707,0.42910741057259216,-0.28549382049226857
26,A,35,N,0,-0.029267,A,A,-0.1402530724724451,0.4277027213564314,-0.29123019629963265
27,E,33,Y,0,-0.037305,A,A,-0.20467883448253243,0.4273242659531056,-0.2927765172910699
34,A,50,K,0,0.015065,A,A,0.21507448182354805,0.4265878770069343,-0.2957863075945193
21,V,34,A,0,-0.0116,A,A,0.001350552488019375,0.42582049051407134,-0.298924208031937
23,A,46,D,0,-0.034282,A,A,-0.18044904118115224,0.42473625071729965,-0.3033602403005773
35,N,43,W,0,-0.049155000000000004,A,A,-0.2996583418002154,0.42381646217670704,-0.30712576270363856
29,V,42,E,0,-0.035953,A,A,-0.19384235398519006,0.4231462531242388,-0.3098708914050432
23,A,32,Q,0,-0.060377999999999994,A,A,-0.38961235113577275,0.42275136326746626,-0.3114888740392403
38,G,48,A,0,-0.023798,A,A,-0.09641822643696765,0.42246387485903164,-0.3126670549467807
20,A,38,G,0,0.034460000000000005,A,A,0.3705282830409709,0.41892530526507854,-0.3271866759817237
30,F,49,T,0,-0.014357,A,A,-0.020747211366398503,0.4147041187792657,-0.3445522000807846
27,E,50,K,0,0.028792,A,A,0.32509842249442006,0.4141666219307355,-0.3467670500912581
21,V,30,F,0,-0.021165,A,A,-0.07531434097135928,0.41308120938871673,-0.35124225723511504
22,D,40,D,0,-0.049125,A,A,-0.29941788735130986,0.4114165177928386,-0.3581126459425268
26,A,42,E,0,-0.034879,A,A,-0.18523408471437222,0.4111254870599768,-0.35931462070839704
28,K,50,K,0,0.028907,A,A,0.32602016454855787,0.4093536749544508,-0.366637890175054
20,A,45,Y,0,0.027833999999999998,A,A,0.3174199104260369,0.405299115017414,-0.3834332147203252
29,V,44,T,0,-0.064373,A,A,-0.421632868581692,0.4044051079968053,-0.3871436064357834
25,T,45,Y,0,-0.05156,A,A,-0.31893477345414173,0.4041138192843939,-0.38835310768978637
32,Q,40,D,0,-0.072752,A,A,-0.48879179616100554,0.4028265101907548,-0.3937017004191876
24,A,40,D,0,-0.062039,A,A,-0.40292551245684205,0.4018128947121072,-0.3979170458785961
26,A,43,W,0,-0.040648000000000004,A,A,-0.23147347523890496,0.3996525776436508,-0.40691291109545036
35,N,46,D,0,-0.052077,A,A,-0.32307860512361364,0.3994338500711545,-0.4078246238393022
22,D,30,F,0,-0.063555,A,A,-0.415076477274868,0.3976538579138879,-0.4152503437824495
34,A,43,W,0,-0.041722,A,A,-0.2400817445097228,0.39720871241448025,-0.4171091468968484
22,D,33,Y,0,-0.070755,A,A,-0.47278554501219433,0.3954690581764761,-0.42438030510913993
22,D,39,V,0,-0.07915499999999999,A,A,-0.5401127907057416,0.39450720405741807,-0.428405263867528
29,V,38,G,0,-0.071,A,A,-0.47474925634492277,0.3940520145363871,-0.43031123264286775
38,G,44,T,0,-0.060167,A,A,-0.38792115484513723,0.39250880899728824,-0.43677869442670403
22,D,49,T,0,-0.048320999999999996,A,A,-0.2929737081206417,0.39223185047919673,-0.43794035596146097
25,T,50,K,0,0.000667,A,A,0.09967237664548909,0.39206073555364807,-0.4386582175479945
23,A,33,Y,0,-0.062357,A,A,-0.40547432961524066,0.3919404183372283,-0.4391630391202166
26,A,46,D,0,-0.055745,A,A,-0.3524781690764627,0.3911377098769401,-0.44253242039564444
20,A,26,A,0,0.035845999999999996,A,A,0.38163727858040614,0.39046259174085385,-0.4453681534676126
31,K,48,A,0,-0.051575,A,A,-0.3190550006785945,0.38928011877002716,-0.45033921038452096
31,K,49,T,0,-0.042994,A,A,-0.2502770131433171,0.3860519334305807,-0.4639384394543131
40,D,48,A,0,-0.040731,A,A,-0.23213873254754358,0.38601083958894244,-0.46411182303047394
24,A,50,K,0,-0.0033619999999999995,A,A,0.06737934415747691,0.3841667375904673,-0.47189957816709516
25,T,35,N,0,-0.07888099999999999,A,A,-0.5379166400724045,0.3822378071468686,-0.4800606354820589
29,V,36,D,0,-0.071337,A,A,-0.4774503613209615,0.38197448285413876,-0.48117593892104127
25,T,44,T,0,-0.076892,A,A,-0.5219745101099682,0.381379947822959,-0.48369515854742895
37,N,45,Y,0,-0.055484000000000006,A,A,-0.35038621537098463,0.37946590453848106,-0.4918158018155325
23,A,35,N,0,-0.093688,A,A,-0.6565969409038754,0.37944530883661914,-0.4919032685205291
34,A,44,T,0,-0.074888,A,A,-0.505912152923079,0.37942056520030293,-0.49200835328978965
32,Q,48,A,0,-0.050548,A,A,-0.31082344337772866,0.37880240921053,-0.49463449154602257
31,K,42,E,0,-0.08093099999999999,A,A,-0.5543476940809487,0.37771128671449505,-0.49927404229379446
23,A,43,W,0,-0.08770499999999999,A,A,-0.6086423086438166,0.37458201063688734,-0.5126094431841999
20,A,42,E,0,-0.019743,A,A,-0.06391680009323733,0.37455649815998376,-0.5127183465421847
27,E,34,A,0,-0.073045,A,A,-0.49114023461198286,0.37319904380578633,-0.5185171291776021
38,G,47,D,0,-0.067069,A,A,-0.44324170839000204,0.37307084428538706,-0.5190652122890471
22,D,31,K,0,-0.093739,A,A,-0.657005713467015,0.3707377635481702,-0.5290531040327289
21,V,41,G,0,-0.074561,A,A,-0.5032911994300088,0.36895200228868835,-0.5367153652702163
37,N,49,T,0,-0.047445,A,A,-0.28595243821260036,0.3681923406542903,-0.5399795449001168
26,A,39,V,0,-0.092408,A,A,-0.6463375510839064,0.3674879737945597,-0.5430086404355654
37,N,44,T,0,-0.073949,A,A,-0.49838592867233605,0.36595787644523387,-0.54959715807012
26,A,40,D,0,-0.072375,A,A,-0.48577008525309273,0.3654060749557095,-0.5519760369134663
41,G,50,K,0,-0.020949000000000002,A,A,-0.07358306893923952,0.3647685457688718,-0.5547263960713047
22,D,35,N,0,-0.09095,A,A,-0.6346514648670979,0.3631014499002369,-0.5619281093510171
19,E,25,T,0,0.193076,A,A,1.6418590452942696,0.36289976618399583,-0.5628003262027517
25,T,32,Q,0,-0.093724,A,A,-0.6568854862425622,0.36284653670738887,-0.5630305612601156
32,Q,49,T,0,-0.053152,A,A,-0.3316948895427283,0.3613723416249462,-0.5694127462653231
40,D,50,K,0,-0.004396,A,A,0.0590916808185331,0.36129633556183216,-0.5697421021572175
32,Q,44,T,0,-0.078239,A,A,-0.5327709148658264,0.3609415840140563,-0.5712797399140612
21,V,44,T,0,-0.089784,A,A,-0.6253058019529697,0.3604820190866194,-0.5732726599932438
23,A,45,Y,0,-0.072377,A,A,-0.4857861155496864,0.3604248816552785,-0.5735205159528318
33,Y,40,D,0,-0.081998,A,A,-0.5628998573136887,0.35923617239419475,-0.5786809113416158
25,T,38,G,0,-0.10325999999999999,A,A,-0.733317940401332,0.3590388935347396,-0.5795380575815763
32,Q,46,D,0,-0.084111,A,A,-0.5798358656649347,0.3578231587623795,-0.5848248249808545
18,T,24,A,0,0.223622,A,A,1.8866897651698766,0.35655479858135836,-0.5903489255770782
33,Y,42,E,0,-0.08190399999999999,A,A,-0.5621464333737847,0.3564975065494897,-0.5905986562758323
23,A,49,T,0,-0.058977,A,A,-0.3783831283718847,0.35609331696271396,-0.5923609906863194
31,K,45,Y,0,-0.084536,A,A,-0.5832423036910963,0.35456625298485517,-0.5990273469138039
36,D,50,K,0,-0.011698,A,A,0.000565067954927982,0.35437163977429714,-0.5998778521507102
31,K,47,D,0,-0.085188,A,A,-0.5884681803806431,0.3534495130828278,-0.6039106328387271
35,N,41,G,0,-0.102284,A,A,-0.7254951556636057,0.35295950855975466,-0.6060555321880217
24,A,46,D,0,-0.101053,A,A,-0.7156285081101823,0.3524059910637872,-0.6084800759152174
31,K,41,G,0,-0.11331400000000001,A,A,-0.8139022413778709,0.350178054695456,-0.6182566422365281
30,F,44,T,0,-0.099413,A,A,-0.7024836649033468,0.3483831874114887,-0.6261536911578447
27,E,40,D,0,-0.11246500000000001,A,A,-0.8070973804738446,0.34781885342205615,-0.6286405474082155
20,A,34,A,0,0.0026620000000000003,A,A,0.11566259749770659,0.3472390139476191,-0.6311976940169504
30,F,36,D,0,-0.088429,A,A,-0.6144452760107367,0.34653510755426004,-0.6343046752731238
42,E,50,K,0,-0.044545,A,A,-0.2627085081517328,0.34470426873927185,-0.6423997744765515
22,D,36,D,0,-0.103959,A,A,-0.7389205290608308,0.3433871587908068,-0.6482360085576042
39,V,49,T,0,-0.083503,A,A,-0.5749626555004493,0.34285665298126855,-0.6505897404098127
22,D,50,K,0,-0.042935,A,A,-0.2498041193938029,0.3424672549911113,-0.6523185178403348
38,G,50,K,0,-0.030719,A,A,-0.1518910677994726,0.34188700704868613,-0.6548963446676352
20,A,36,D,0,-0.035374,A,A,-0.18920158312131344,0.34037550419780926,-0.661621295061392
28,K,48,A,0,-0.08601,A,A,-0.5950566322806545,0.3338483263845956,-0.6908306055578914
35,N,48,A,0,-0.087921,A,A,-0.6103735806759365,0.3324172415543913,-0.6972724337442493
35,N,47,D,0,-0.094775,A,A,-0.6653094071025524,0.33081989794563976,-0.7044791224161404
41,G,48,A,0,-0.105253,A,A,-0.7492921309569559,0.32927322074551485,-0.7114740053112367
20,A,44,T,0,-0.041305,A,A,-0.23673942766993597,0.3277480325434115,-0.7183881021115406
37,N,47,D,0,-0.09887699999999999,A,A,-0.6981875454162347,0.325089144007257,-0.7304811829828015
24,A,30,F,0,-0.11855299999999999,A,A,-0.8558936033050726,0.32422963714932695,-0.7344012970301481
21,V,50,K,0,-0.06299500000000001,A,A,-0.41058799422863157,0.3240767113334054,-0.7350993401569474
20,A,28,K,0,-0.05094,A,A,-0.3139653815100942,0.31917460224830146,-0.757567586790306
30,F,47,D,0,-0.11786500000000001,A,A,-0.8503791812768393,0.31822095875976547,-0.7619596385386411
29,V,49,T,0,-0.103898,A,A,-0.738431605014723,0.31546801043776596,-0.7746780942234737
19,E,47,D,0,0.130411,A,A,1.1395897772721093,0.31487777907746733,-0.777412686446513
23,A,39,V,0,-0.132549,A,A,-0.9680736188677975,0.31406689965159534,-0.7811740821820847
21,V,37,N,0,-0.133409,A,A,-0.9749666464030893,0.310282112451914,-0.79880073154871
23,A,50,K,0,-0.054329999999999996,A,A,-0.3411367342364186,0.3077240326667233,-0.810781289351513
23,A,42,E,0,-0.13985999999999998,A,A,-1.0266723680660743,0.3075312796640188,-0.8116862632936108
38,G,45,Y,0,-0.122395,A,A,-0.8866878030615737,0.3056857719841211,-0.8203669507546629
42,E,48,A,0,-0.132794,A,A,-0.970037330200526,0.3056096775995739,-0.8207255022848612
22,D,29,V,0,-0.149332,A,A,-1.1025918527338459,0.3047482165709818,-0.824788142033789
20,A,37,N,0,-0.06325399999999999,A,A,-0.4126639176375158,0.3046283120627786,-0.8253541209196893
21,V,36,D,0,-0.140234,A,A,-1.0296700335290967,0.3041678774983152,-0.8275286503410553
40,D,49,T,0,-0.096332,A,A,-0.6777889930007492,0.3039052498734787,-0.8287698115313566
38,G,49,T,0,-0.107985,A,A,-0.7711895161039525,0.30286688504375114,-0.833682989555562
24,A,42,E,0,-0.142826,A,A,-1.0504452979145342,0.3026893525801774,-0.8345239630237136
31,K,43,W,0,-0.13985,A,A,-1.0265922165831058,0.30204282470370425,-0.837588936460139
20,A,31,K,0,-0.059182000000000005,A,A,-0.38002623377273914,0.29875918940631035,-0.8532134901366328
35,N,42,E,0,-0.147875,A,A,-1.0909137816653343,0.29678460396980544,-0.8626566038415273
22,D,37,N,0,-0.1454,A,A,-1.0710762896306283,0.29664605138112876,-0.8633205662879462
36,D,47,D,0,-0.123351,A,A,-0.8943502848333632,0.2940209703302803,-0.8759344415857044
25,T,46,D,0,-0.15012799999999998,A,A,-1.108971910778139,0.2939580500652508,-0.8762375845939703
21,V,46,D,0,-0.162745,A,A,-1.2100990368395068,0.2889167800838905,-0.900650780792088
28,K,45,Y,0,-0.131083,A,A,-0.9563234114646142,0.28786657123022863,-0.9057682153698607
33,Y,43,W,0,-0.13663,A,A,-1.0007834390672459,0.28782337541037795,-0.9059789367141131
20,A,30,F,0,-0.048075,A,A,-0.29100198163961644,0.28726269232880197,-0.908715818682047
21,V,29,V,0,-0.134921,A,A,-0.9870855506279279,0.28621921864853295,-0.9138178702962532
24,A,34,A,0,-0.15216500000000002,A,A,-1.1252987678588247,0.2853145726101842,-0.9182501490758592
21,V,33,Y,0,-0.13055999999999998,A,A,-0.952131488905361,0.28508991671552003,-0.9193521493844701
27,E,49,T,0,-0.12074000000000001,A,A,-0.8734227326302856,0.2847888427624546,-0.9208298208251717
26,A,37,N,0,-0.144447,A,A,-1.0634378533037294,0.2839808969501751,-0.9247998752030027
24,A,31,K,0,-0.175231,A,A,-1.310176178473987,0.28010088666097366,-0.9439612340530168
43,W,49,T,0,-0.145811,A,A,-1.074370515580634,0.27517888423741094,-0.9685035132040287
35,N,50,K,0,-0.084869,A,A,-0.5859113480739476,0.2719103002895181,-0.9849520209347022
30,F,38,G,0,-0.161745,A,A,-1.202083888542656,0.2716429972683557,-0.9863026222057898
20,A,40,D,0,-0.098384,A,A,-0.6942360773058872,0.2695785859096903,-0.996761700391315
36,D,45,Y,0,-0.145932,A,A,-1.075340348524553,0.26930932492643306,-0.9981295913259607
21,V,43,W,0,-0.18700799999999998,A,A,-1.4045705799659995,0.26859296816481665,-1.001773015715321
19,E,41,G,0,0.10813299999999999,A,A,0.9610283035148656,0.26743134546874625,-1.0076941818798169
24,A,49,T,0,-0.147974,A,A,-1.0917072813467223,0.2652122496007622,-1.019051235249191
33,Y,46,D,0,-0.168047,A,A,-1.25259535310941,0.262916521810518,-1.0308645791032633
24,A,47,D,0,-0.167678,A,A,-1.2496377633878721,0.2619207921166226,-1.0360090087089344
25,T,31,K,0,-0.191574,A,A,-1.4411677470894206,0.25954557437068254,-1.0483317754461638
30,F,37,N,0,-0.168166,A,A,-1.2535491557567355,0.2575276877715338,-1.0588583404038743
32,Q,45,Y,0,-0.160127,A,A,-1.189115378598351,0.2568504954440765,-1.0624030560783484
39,V,50,K,0,-0.118551,A,A,-0.855877573008479,0.25434006456351577,-1.0755974372111026
18,T,50,K,0,0.031323000000000004,A,A,0.3453847628337497,0.2526600891662148,-1.08447505190763
36,D,49,T,0,-0.14548,A,A,-1.0717175014943763,0.2520342417834767,-1.0877922407675245
26,A,38,G,0,-0.181676,A,A,-1.3618338092471909,0.2514303490402371,-1.0909982445865936
28,K,38,G,0,-0.19847599999999999,A,A,-1.4964883006342855,0.2506765080890551,-1.0950074931838145
26,A,48,A,0,-0.163805,A,A,-1.2185950940341688,0.24994745657421508,-1.0988925399079434
29,V,37,N,0,-0.186453,A,A,-1.4001221726612474,0.24988166953093885,-1.099243484110259
19,E,28,K,0,0.088784,A,A,0.805943199119098,0.24927995048708698,-1.10245624792028
21,V,39,V,0,-0.173264,A,A,-1.294410381774081,0.2476824513680747,-1.111011019263175
28,K,47,D,0,-0.169237,A,A,-1.2621333795826626,0.24679532833434303,-1.1157776362887812
26,A,36,D,0,-0.17971800000000002,A,A,-1.3461401488819569,0.24428847873377157,-1.1293099008991327
21,V,27,E,0,-0.192236,A,A,-1.4464737752619359,0.24231726627043312,-1.1400168557680574
27,E,41,G,0,-0.20550700000000002,A,A,-1.5528428083094443,0.23972836092480562,-1.1541693363975924
35,N,49,T,0,-0.164838,A,A,-1.2268747422248159,0.23531780226381388,-1.1785233691154873
18,T,48,A,0,0.073031,A,A,0.679680567998806,0.23335105375827034,-1.1894850112143187
33,Y,50,K,0,-0.148464,A,A,-1.0956347040121794,0.23219009698475473,-1.1959857606836066
31,K,46,D,0,-0.206211,A,A,-1.5584854727104271,0.23098331302279618,-1.2027671989345001
19,E,26,A,0,0.0908,A,A,0.8221017380855494,0.23062801772257518,-1.2047684749419902
22,D,48,A,0,-0.200398,A,A,-1.5118934156608328,0.22983790086467396,-1.20922672944883
27,E,37,N,0,-0.22273800000000002,A,A,-1.6909518286124816,0.22962782998275064,-1.2104138679361842
22,D,46,D,0,-0.21627600000000002,A,A,-1.6391579403182313,0.22820307599127507,-1.2184855469154852
25,T,43,W,0,-0.20666199999999998,A,A,-1.5621003045923068,0.22575798950512352,-1.2324209171623441
19,E,33,Y,0,0.080332,A,A,0.7381991657141144,0.22511639028642114,-1.2360952784424537
34,A,40,D,0,-0.196773,A,A,-1.4828385030847484,0.22500703050293022,-1.236722309299573
24,A,45,Y,0,-0.20463299999999998,A,A,-1.5458375686979962,0.224988918108526,-1.236826180325456
28,K,34,A,0,-0.20757199999999998,A,A,-1.569394089542441,0.21842908040835837,-1.2748445067223813
21,V,31,K,0,-0.211402,A,A,-1.6000921075193801,0.21831136125862693,-1.2755341946348446
22,D,28,K,0,-0.223794,A,A,-1.699415825213956,0.2154196675070514,-1.292560899081467
22,D,43,W,0,-0.223892,A,A,-1.7002013097470474,0.21297248860195364,-1.3071002092359691
19,E,42,E,0,0.028605000000000002,A,A,0.3235995897629089,0.21277953483526293,-1.3082517608588202
18,T,31,K,0,0.090739,A,A,0.8216128140394414,0.21073782307645594,-1.3204837395775963
18,T,27,E,0,0.083715,A,A,0.7653144124023609,0.20945414039252547,-1.3282188532598145
20,A,43,W,0,-0.173575,A,A,-1.2969030928944019,0.20774352344062078,-1.338580914955895
19,E,50,K,0,-0.057458,A,A,-0.36620811810896825,0.20705501356350486,-1.3427693212885758
44,T,50,K,0,-0.196947,A,A,-1.4842331388884007,0.20012199047286655,-1.3855320949823189
18,T,38,G,0,0.076188,A,A,0.7049843911719643,0.20000800221109138,-1.3862443480509623
28,K,44,T,0,-0.22821799999999998,A,A,-1.734874841279224,0.19879321584661422,-1.3938539031261752
20,A,33,Y,0,-0.143112,A,A,-1.0527376303274334,0.19808741146231268,-1.39829120477189
32,Q,50,K,0,-0.161127,A,A,-1.197130526895202,0.19720652811028802,-1.403845939583975
28,K,49,T,0,-0.205684,A,A,-1.5542614895579867,0.19687345150549332,-1.4059511519882286
34,A,46,D,0,-0.233479,A,A,-1.7770425364689568,0.19481641277498732,-1.4190126679308057
21,V,48,A,0,-0.24652399999999997,A,A,-1.8816001460013763,0.19238579713759293,-1.4345817567346053
27,E,47,D,0,-0.232875,A,A,-1.772201386897659,0.1910254182888304,-1.4433609979335253
18,T,36,D,0,0.06339199999999999,A,A,0.6024225535654604,0.1900086931090565,-1.44995369105609
30,F,50,K,0,-0.197463,A,A,-1.4883689554095756,0.1887337661366631,-1.4582589015362908
27,E,45,Y,0,-0.24054099999999998,A,A,-1.8336455137413175,0.18482777005180412,-1.4839749972435246
18,T,29,V,0,0.070974,A,A,0.6631934079521838,0.18464208942653398,-1.4852078714448682
18,T,43,W,0,0.028097000000000004,A,A,0.31952789442810875,0.17905152650302142,-1.522786724844985
19,E,38,G,0,0.009111,A,A,0.16735228886409792,0.17860559250795774,-1.5258234120052716
25,T,48,A,0,-0.258863,A,A,-1.9804990608362196,0.17453144660533826,-1.5538462334451233
18,T,32,Q,0,0.040060000000000005,A,A,0.4154131135033358,0.17304420533704615,-1.5642041569134895
26,A,32,Q,0,-0.266789,A,A,-2.0440271262370593,0.16907515490320016,-1.5921960320112492
29,V,47,D,0,-0.276744,A,A,-2.12381792753221,0.1689212628989779,-1.5932918338357958
19,E,37,N,0,-0.0032869999999999996,A,A,0.06798048027974073,0.16719831794970602,-1.6056148965611299
19,E,34,A,0,0.010981,A,A,0.18234061617920905,0.16169376362713744,-1.645679272636149
24,A,33,Y,0,-0.294286,A,A,-2.264419658955568,0.1590434304334172,-1.6653627049181785
20,A,35,N,0,-0.225583,A,A,-1.7137549255170224,0.15229558995130482,-1.7167086988161477
20,A,41,G,0,-0.223108,A,A,-1.6939174334823164,0.14685152973185164,-1.75951151437287
18,T,40,D,0,0.0064340000000000005,A,A,0.1458957368734281,0.14538032074293605,-1.7713033401003626
18,T,46,D,0,-0.011774,A,A,-4.4083315632682206e-05,0.1452365834703002,-1.7724607019025802
18,T,25,T,0,0.004369,A,A,0.12934445564043104,0.1391589745217234,-1.8222928667843243
19,E,43,W,0,-0.067691,A,A,-0.44822713063064323,0.1360637324996462,-1.8483756043278396
19,E,27,E,0,-0.055972,A,A,-0.3542976077398478,0.13311027455906763,-1.8737338610300944
20,A,39,V,0,-0.239067,A,A,-1.8218311851517595,0.13224890542129955,-1.8812191220231447
19,E,36,D,0,-0.07216499999999999,A,A,-0.484086904110754,0.11983997508052581,-1.993946425610234
19,E,32,Q,0,-0.07495,A,A,-0.5064090921174838,0.11964352925705529,-1.9958101735400118
19,E,40,D,0,-0.07105,A,A,-0.47515001375976534,0.11944967293385107,-1.9976519480077575
20,A,47,D,0,-0.297775,A,A,-2.292384511363281,0.11309659265608889,-2.059493822389863
18,T,49,T,0,-0.10437,A,A,-0.7422147550108367,0.11294776711418832,-2.060978393787573
18,T,28,K,0,-0.060453,A,A,-0.39021348725803656,0.10753103530796919,-2.116212233153892
18,T,37,N,0,-0.061721000000000005,A,A,-0.40037669529844355,0.10690978881185217,-2.122702212500839
18,T,35,N,0,-0.062373000000000005,A,A,-0.4056025719879903,0.10690968602888792,-2.1227032889871746
18,T,30,F,0,-0.039706,A,A,-0.2239232055432714,0.10430893839743365,-2.150238498944575
18,T,39,V,0,-0.05449299999999999,A,A,-0.3424432034088053,0.10349815898943815,-2.1589465215908477
18,T,44,T,0,-0.07195900000000001,A,A,-0.4824357835616029,0.10216873948158171,-2.1733563896982315
19,E,44,T,0,-0.126112,A,A,-0.9164801092809685,0.09602053646809788,-2.2422445526695953
19,E,31,K,0,-0.12006199999999999,A,A,-0.8679884620850206,0.09567813828303871,-2.2461955064778087
19,E,45,Y,0,-0.12403399999999999,A,A,-0.8998246311201122,0.09329117920309524,-2.2740958019866215
18,T,41,G,0,-0.104308,A,A,-0.7417178158164318,0.08340132751100375,-2.3970054971386747
18,T,26,A,0,-0.087804,A,A,-0.6094358083252049,0.08248895238367521,-2.409000246982035
18,T,34,A,0,-0.087755,A,A,-0.6090430660586593,0.08218266735339651,-2.41305396639502
19,E,46,D,0,-0.173933,A,A,-1.2997725159846745,0.08075643679357884,-2.4321134463939083
18,T,42,E,0,-0.137888,A,A,-1.0108664956246847,0.07971398040221808,-2.446239529354727
19,E,29,V,0,-0.15287,A,A,-1.1309494474081043,0.0771111129235952,-2.4822614382151333
18,T,33,Y,0,-0.117605,A,A,-0.8482952427196581,0.07269071399858203,-2.54607350581392
19,E,35,N,0,-0.180817,A,A,-1.3549487968601959,0.07089035376239056,-2.5730923877845
19,E,30,F,0,-0.18850899999999998,A,A,-1.4166013175595726,0.060834342160200894,-2.7368374154006028
18,T,45,Y,0,-0.170159,A,A,-1.2695233463123592,0.059877910729716016,-2.7537020810430985
19,E,48,A,0,-0.276542,A,A,-2.122198867576246,0.05344159317471782,-2.8742433357751103
19,E,39,V,0,-0.24910500000000002,A,A,-1.902287243755549,0.047601979432820615,-2.9961086911517776
18,T,47,D,0,-0.302491,A,A,-2.3301839507312296,0.033163227345551,-3.3725880315414245
