i,A_i,enrichment
47,D,4.998767832168381
27,E,4.6457155127339
44,T,4.626660409079784
33,Y,3.9254683374845483
29,V,3.8605812006457843
35,N,2.8152147241566405
49,T,2.7907090074889047
46,D,2.6792061801864335
34,A,2.6703285140772874
31,K,2.6494424402925425
45,Y,2.5316589589448926
26,A,2.512006721009946
41,G,2.358962520395568
22,D,1.9320120142096129
43,W,1.8493765052758873
30,F,1.8401573679930996
28,K,1.740320088117243
32,Q,1.7333135217849234
38,G,1.7211972814326821
20,A,1.6832016468663118
21,V,1.6118767084998937
39,V,1.5989681258181003
36,D,1.5900207650080356
37,N,1.5733939856562509
48,A,1.292843431954211
50,K,0.8801831325628077
25,T,0.6956391660353176
23,A,0.6228829467600362
42,E,0.569890953360971
