filename,num_alpha_dihedrals,alpha_dihedral_score,num_beta_dihedrals,beta_dihedral_score,ranking_score,cluster_single,cluster_size_single,cluster_average,cluster_size_average,cluster_maximum,cluster_size_maximum,cluster_pairs_min,cluster_size_pairs_min,cluster_pairs_abs,cluster_size_pairs_abs,num_pairs,rmsd,maxsub,tm,msi,filename_experimental,L_experiment,L_prediction,L_joint,L_normalization
6686e20403ab44a8b2840d4d616c9124/TARGET_b0.4/fold/TARGET_b0.4_30_8_hMIN.pdb,20,12.6,7,1.2,0.4451612903225806,34,23,5,33,5,31,2,42,2,42,13,0.619,0.226,0.25,0.226,6686e20403ab44a8b2840d4d616c9124/TARGET_b0.4/compare/aux/TARGET_b0.4_remapped_6l91_A_58.pdb,54,54,54,54
6686e20403ab44a8b2840d4d616c9124/TARGET_b0.4/fold/TARGET_b0.4_27_5_hMIN.pdb,20,14.0,4,1.8,0.5096774193548387,19,1,1,56,3,32,3,16,3,16,15,1.143,0.233,0.247,0.233,6686e20403ab44a8b2840d4d616c9124/TARGET_b0.4/compare/aux/TARGET_b0.4_remapped_6l91_A_58.pdb,54,54,54,54
6686e20403ab44a8b2840d4d616c9124/TARGET_b0.4/fold/TARGET_b0.4_63_5_hMIN.pdb,20,10.399999999999999,10,0.4,0.3483870967741935,41,2,7,4,6,5,0,19,0,14,14,1.078,0.21899999999999997,0.24600000000000002,0.21899999999999997,6686e20403ab44a8b2840d4d616c9124/TARGET_b0.4/compare/aux/TARGET_b0.4_remapped_6l91_A_58.pdb,54,54,54,54
6686e20403ab44a8b2840d4d616c9124/TARGET_b0.4/fold/TARGET_b0.4_51_5_hMIN.pdb,20,13.200000000000001,9,1.0,0.4580645161290323,22,1,1,56,3,32,1,53,1,50,13,1.015,0.209,0.243,0.209,6686e20403ab44a8b2840d4d616c9124/TARGET_b0.4/compare/aux/TARGET_b0.4_remapped_6l91_A_58.pdb,54,54,54,54
6686e20403ab44a8b2840d4d616c9124/TARGET_b0.4/fold/TARGET_b0.4_30_4_hMIN.pdb,20,11.200000000000001,4,1.0,0.39354838709677425,32,69,6,32,7,16,3,16,3,16,13,1.026,0.207,0.23800000000000002,0.207,6686e20403ab44a8b2840d4d616c9124/TARGET_b0.4/compare/aux/TARGET_b0.4_remapped_6l91_A_58.pdb,54,54,54,54
6686e20403ab44a8b2840d4d616c9124/TARGET_b0.4/fold/TARGET_b0.4_42_2_hMIN.pdb,20,12.4,3,2.8,0.49032258064516127,32,69,6,32,7,16,2,42,2,42,12,0.563,0.21100000000000002,0.23800000000000002,0.21100000000000002,6686e20403ab44a8b2840d4d616c9124/TARGET_b0.4/compare/aux/TARGET_b0.4_remapped_6l91_A_58.pdb,54,54,54,54
6686e20403ab44a8b2840d4d616c9124/TARGET_b0.4/fold/TARGET_b0.4_51_2_hMIN.pdb,20,9.0,4,0.0,0.2903225806451613,34,23,5,33,5,31,2,42,2,42,13,0.838,0.218,0.237,0.218,6686e20403ab44a8b2840d4d616c9124/TARGET_b0.4/compare/aux/TARGET_b0.4_remapped_6l91_A_58.pdb,54,54,54,54
6686e20403ab44a8b2840d4d616c9124/TARGET_b0.4/fold/TARGET_b0.4_39_8_hMIN.pdb,20,12.6,3,0.0,0.4064516129032258,32,69,6,32,5,31,2,42,2,42,12,0.778,0.204,0.23600000000000002,0.204,6686e20403ab44a8b2840d4d616c9124/TARGET_b0.4/compare/aux/TARGET_b0.4_remapped_6l91_A_58.pdb,54,54,54,54
6686e20403ab44a8b2840d4d616c9124/TARGET_b0.4/fold/TARGET_b0.4_57_5_hMIN.pdb,20,11.0,4,0.6,0.3741935483870968,32,69,1,56,3,32,1,53,1,50,13,1.143,0.20199999999999999,0.23600000000000002,0.20199999999999999,6686e20403ab44a8b2840d4d616c9124/TARGET_b0.4/compare/aux/TARGET_b0.4_remapped_6l91_A_58.pdb,54,54,54,54
6686e20403ab44a8b2840d4d616c9124/TARGET_b0.4/fold/TARGET_b0.4_30_10_hMIN.pdb,20,9.6,5,0.0,0.3096774193548387,32,69,1,56,4,26,1,53,1,50,14,1.1520000000000001,0.214,0.23600000000000002,0.214,6686e20403ab44a8b2840d4d616c9124/TARGET_b0.4/compare/aux/TARGET_b0.4_remapped_6l91_A_58.pdb,54,54,54,54
6686e20403ab44a8b2840d4d616c9124/TARGET_b0.4/fold/TARGET_b0.4_57_6_hMIN.pdb,20,8.8,5,0.2,0.2903225806451613,34,23,5,33,2,20,2,42,2,42,13,1.173,0.198,0.235,0.198,6686e20403ab44a8b2840d4d616c9124/TARGET_b0.4/compare/aux/TARGET_b0.4_remapped_6l91_A_58.pdb,54,54,54,54
6686e20403ab44a8b2840d4d616c9124/TARGET_b0.4/fold/TARGET_b0.4_36_2_hMIN.pdb,20,9.0,6,1.2000000000000002,0.3290322580645161,32,69,1,56,4,26,1,53,1,50,11,0.5710000000000001,0.193,0.23399999999999999,0.193,6686e20403ab44a8b2840d4d616c9124/TARGET_b0.4/compare/aux/TARGET_b0.4_remapped_6l91_A_58.pdb,54,54,54,54
6686e20403ab44a8b2840d4d616c9124/TARGET_b0.4/fold/TARGET_b0.4_27_6_hMIN.pdb,20,15.799999999999999,3,0.0,0.5096774193548387,32,69,1,56,3,32,1,53,1,50,12,0.642,0.20800000000000002,0.23,0.20800000000000002,6686e20403ab44a8b2840d4d616c9124/TARGET_b0.4/compare/aux/TARGET_b0.4_remapped_6l91_A_58.pdb,54,54,54,54
6686e20403ab44a8b2840d4d616c9124/TARGET_b0.4/fold/TARGET_b0.4_30_6_hMIN.pdb,20,11.2,2,0.0,0.36129032258064514,38,3,2,12,4,26,1,53,1,50,11,0.68,0.18899999999999997,0.23,0.18899999999999997,6686e20403ab44a8b2840d4d616c9124/TARGET_b0.4/compare/aux/TARGET_b0.4_remapped_6l91_A_58.pdb,54,54,54,54
6686e20403ab44a8b2840d4d616c9124/TARGET_b0.4/fold/TARGET_b0.4_30_2_hMIN.pdb,20,12.799999999999999,7,0.0,0.41290322580645156,32,69,1,56,3,32,3,16,3,16,12,0.731,0.204,0.22899999999999998,0.204,6686e20403ab44a8b2840d4d616c9124/TARGET_b0.4/compare/aux/TARGET_b0.4_remapped_6l91_A_58.pdb,54,54,54,54
6686e20403ab44a8b2840d4d616c9124/TARGET_b0.4/fold/TARGET_b0.4_27_8_hMIN.pdb,20,12.0,2,0.0,0.3870967741935484,33,3,1,56,4,26,1,53,4,8,14,1.146,0.214,0.22899999999999998,0.214,6686e20403ab44a8b2840d4d616c9124/TARGET_b0.4/compare/aux/TARGET_b0.4_remapped_6l91_A_58.pdb,54,54,54,54
6686e20403ab44a8b2840d4d616c9124/TARGET_b0.4/fold/TARGET_b0.4_33_10_hMIN.pdb,20,10.8,6,0.2,0.3548387096774194,32,69,6,32,7,16,1,53,1,50,12,0.826,0.2,0.228,0.2,6686e20403ab44a8b2840d4d616c9124/TARGET_b0.4/compare/aux/TARGET_b0.4_remapped_6l91_A_58.pdb,54,54,54,54
6686e20403ab44a8b2840d4d616c9124/TARGET_b0.4/fold/TARGET_b0.4_30_7_hMIN.pdb,20,12.0,6,2.4000000000000004,0.4645161290322581,8,1,2,12,4,26,3,16,3,16,12,0.9059999999999999,0.19699999999999998,0.226,0.19699999999999998,6686e20403ab44a8b2840d4d616c9124/TARGET_b0.4/compare/aux/TARGET_b0.4_remapped_6l91_A_58.pdb,54,54,54,54
6686e20403ab44a8b2840d4d616c9124/TARGET_b0.4/fold/TARGET_b0.4_39_3_hMIN.pdb,20,10.0,3,1.2000000000000002,0.36129032258064514,38,3,2,12,4,26,1,53,1,50,13,1.131,0.198,0.225,0.198,6686e20403ab44a8b2840d4d616c9124/TARGET_b0.4/compare/aux/TARGET_b0.4_remapped_6l91_A_58.pdb,54,54,54,54
6686e20403ab44a8b2840d4d616c9124/TARGET_b0.4/fold/TARGET_b0.4_48_10_hMIN.pdb,20,12.8,5,0.2,0.41935483870967744,39,2,6,32,5,31,2,42,2,42,12,0.862,0.198,0.223,0.198,6686e20403ab44a8b2840d4d616c9124/TARGET_b0.4/compare/aux/TARGET_b0.4_remapped_6l91_A_58.pdb,54,54,54,54
6686e20403ab44a8b2840d4d616c9124/TARGET_b0.4/fold/TARGET_b0.4_39_2_hMIN.pdb,20,13.200000000000001,5,2.6,0.5096774193548387,32,69,6,32,7,16,2,42,2,42,13,1.2109999999999999,0.19699999999999998,0.222,0.19699999999999998,6686e20403ab44a8b2840d4d616c9124/TARGET_b0.4/compare/aux/TARGET_b0.4_remapped_6l91_A_58.pdb,54,54,54,54
6686e20403ab44a8b2840d4d616c9124/TARGET_b0.4/fold/TARGET_b0.4_36_10_hMIN.pdb,20,9.0,6,1.0,0.3225806451612903,34,23,1,56,7,16,3,16,3,16,13,1.347,0.19,0.221,0.19,6686e20403ab44a8b2840d4d616c9124/TARGET_b0.4/compare/aux/TARGET_b0.4_remapped_6l91_A_58.pdb,54,54,54,54
6686e20403ab44a8b2840d4d616c9124/TARGET_b0.4/fold/TARGET_b0.4_36_5_hMIN.pdb,20,6.8,5,0.0,0.21935483870967742,32,69,1,56,4,26,1,53,1,50,11,0.9259999999999999,0.179,0.22,0.179,6686e20403ab44a8b2840d4d616c9124/TARGET_b0.4/compare/aux/TARGET_b0.4_remapped_6l91_A_58.pdb,54,54,54,54
6686e20403ab44a8b2840d4d616c9124/TARGET_b0.4/fold/TARGET_b0.4_51_10_hMIN.pdb,20,14.399999999999999,5,0.6,0.48387096774193544,32,69,6,32,5,31,2,42,2,42,11,0.664,0.19,0.22,0.19,6686e20403ab44a8b2840d4d616c9124/TARGET_b0.4/compare/aux/TARGET_b0.4_remapped_6l91_A_58.pdb,54,54,54,54
6686e20403ab44a8b2840d4d616c9124/TARGET_b0.4/fold/TARGET_b0.4_33_3_hMIN.pdb,20,13.0,4,1.0,0.45161290322580644,32,69,1,56,4,26,1,53,1,50,12,0.976,0.192,0.22,0.192,6686e20403ab44a8b2840d4d616c9124/TARGET_b0.4/compare/aux/TARGET_b0.4_remapped_6l91_A_58.pdb,54,54,54,54
6686e20403ab44a8b2840d4d616c9124/TARGET_b0.4/fold/TARGET_b0.4_27_2_hMIN.pdb,20,11.2,6,0.0,0.36129032258064514,13,1,9,2,4,26,0,19,0,14,11,0.625,0.192,0.22,0.192,6686e20403ab44a8b2840d4d616c9124/TARGET_b0.4/compare/aux/TARGET_b0.4_remapped_6l91_A_58.pdb,54,54,54,54
6686e20403ab44a8b2840d4d616c9124/TARGET_b0.4/fold/TARGET_b0.4_27_9_hMIN.pdb,20,9.6,3,1.4,0.3548387096774194,33,3,2,12,3,32,0,19,4,8,14,1.339,0.204,0.21899999999999997,0.204,6686e20403ab44a8b2840d4d616c9124/TARGET_b0.4/compare/aux/TARGET_b0.4_remapped_6l91_A_58.pdb,54,54,54,54
6686e20403ab44a8b2840d4d616c9124/TARGET_b0.4/fold/TARGET_b0.4_33_1_hMIN.pdb,20,11.600000000000001,4,0.4,0.38709677419354843,31,1,6,32,5,31,3,16,3,16,14,1.374,0.198,0.21899999999999997,0.198,6686e20403ab44a8b2840d4d616c9124/TARGET_b0.4/compare/aux/TARGET_b0.4_remapped_6l91_A_58.pdb,54,54,54,54
6686e20403ab44a8b2840d4d616c9124/TARGET_b0.4/fold/TARGET_b0.4_27_3_hMIN.pdb,20,8.799999999999999,6,0.2,0.29032258064516125,25,1,8,3,7,16,0,19,0,14,12,0.99,0.192,0.21899999999999997,0.192,6686e20403ab44a8b2840d4d616c9124/TARGET_b0.4/compare/aux/TARGET_b0.4_remapped_6l91_A_58.pdb,54,54,54,54
6686e20403ab44a8b2840d4d616c9124/TARGET_b0.4/fold/TARGET_b0.4_48_8_hMIN.pdb,20,10.200000000000001,4,1.8,0.38709677419354843,32,69,6,32,5,31,2,42,2,42,12,1.101,0.18600000000000003,0.21600000000000003,0.18600000000000003,6686e20403ab44a8b2840d4d616c9124/TARGET_b0.4/compare/aux/TARGET_b0.4_remapped_6l91_A_58.pdb,54,54,54,54
6686e20403ab44a8b2840d4d616c9124/TARGET_b0.4/fold/TARGET_b0.4_45_5_hMIN.pdb,20,8.799999999999999,5,0.6000000000000001,0.30322580645161284,32,69,1,56,3,32,1,53,1,50,12,1.093,0.18600000000000003,0.215,0.18600000000000003,6686e20403ab44a8b2840d4d616c9124/TARGET_b0.4/compare/aux/TARGET_b0.4_remapped_6l91_A_58.pdb,54,54,54,54
6686e20403ab44a8b2840d4d616c9124/TARGET_b0.4/fold/TARGET_b0.4_60_4_hMIN.pdb,20,12.4,7,2.8,0.49032258064516127,34,23,5,33,2,20,2,42,2,42,13,1.3230000000000002,0.188,0.213,0.188,6686e20403ab44a8b2840d4d616c9124/TARGET_b0.4/compare/aux/TARGET_b0.4_remapped_6l91_A_58.pdb,54,54,54,54
6686e20403ab44a8b2840d4d616c9124/TARGET_b0.4/fold/TARGET_b0.4_30_9_hMIN.pdb,20,10.8,5,1.0,0.3806451612903226,32,69,1,56,3,32,3,16,3,16,12,1.046,0.188,0.213,0.188,6686e20403ab44a8b2840d4d616c9124/TARGET_b0.4/compare/aux/TARGET_b0.4_remapped_6l91_A_58.pdb,54,54,54,54
6686e20403ab44a8b2840d4d616c9124/TARGET_b0.4/fold/TARGET_b0.4_33_7_hMIN.pdb,20,9.0,4,1.5999999999999999,0.3419354838709677,32,69,6,32,5,31,4,8,5,7,11,0.948,0.177,0.21,0.177,6686e20403ab44a8b2840d4d616c9124/TARGET_b0.4/compare/aux/TARGET_b0.4_remapped_6l91_A_58.pdb,54,54,54,54
6686e20403ab44a8b2840d4d616c9124/TARGET_b0.4/fold/TARGET_b0.4_51_8_hMIN.pdb,20,9.600000000000001,3,0.0,0.3096774193548388,29,1,5,33,5,31,2,42,2,42,11,1.12,0.171,0.21,0.171,6686e20403ab44a8b2840d4d616c9124/TARGET_b0.4/compare/aux/TARGET_b0.4_remapped_6l91_A_58.pdb,54,54,54,54
6686e20403ab44a8b2840d4d616c9124/TARGET_b0.4/fold/TARGET_b0.4_39_9_hMIN.pdb,20,11.0,4,0.0,0.3548387096774194,32,69,6,32,7,16,1,53,1,50,12,1.034,0.18899999999999997,0.21,0.18899999999999997,6686e20403ab44a8b2840d4d616c9124/TARGET_b0.4/compare/aux/TARGET_b0.4_remapped_6l91_A_58.pdb,54,54,54,54
6686e20403ab44a8b2840d4d616c9124/TARGET_b0.4/fold/TARGET_b0.4_66_9_hMIN.pdb,20,10.0,9,1.4000000000000001,0.36774193548387096,32,69,1,56,1,20,1,53,1,50,12,1.111,0.185,0.209,0.185,6686e20403ab44a8b2840d4d616c9124/TARGET_b0.4/compare/aux/TARGET_b0.4_remapped_6l91_A_58.pdb,54,54,54,54
6686e20403ab44a8b2840d4d616c9124/TARGET_b0.4/fold/TARGET_b0.4_48_4_hMIN.pdb,20,10.0,6,0.0,0.3225806451612903,34,23,5,33,5,31,2,42,2,42,11,1.035,0.175,0.209,0.175,6686e20403ab44a8b2840d4d616c9124/TARGET_b0.4/compare/aux/TARGET_b0.4_remapped_6l91_A_58.pdb,54,54,54,54
6686e20403ab44a8b2840d4d616c9124/TARGET_b0.4/fold/TARGET_b0.4_36_7_hMIN.pdb,20,11.0,2,0.0,0.3548387096774194,32,69,6,32,5,31,4,8,5,7,11,1.0390000000000001,0.174,0.207,0.174,6686e20403ab44a8b2840d4d616c9124/TARGET_b0.4/compare/aux/TARGET_b0.4_remapped_6l91_A_58.pdb,54,54,54,54
6686e20403ab44a8b2840d4d616c9124/TARGET_b0.4/fold/TARGET_b0.4_48_7_hMIN.pdb,20,8.0,3,0.8,0.2838709677419355,32,69,1,56,3,32,1,53,1,50,12,1.119,0.187,0.20600000000000002,0.187,6686e20403ab44a8b2840d4d616c9124/TARGET_b0.4/compare/aux/TARGET_b0.4_remapped_6l91_A_58.pdb,54,54,54,54
6686e20403ab44a8b2840d4d616c9124/TARGET_b0.4/fold/TARGET_b0.4_30_3_hMIN.pdb,20,7.000000000000001,5,0.0,0.22580645161290325,32,69,6,32,7,16,3,16,3,16,12,1.229,0.179,0.20600000000000002,0.179,6686e20403ab44a8b2840d4d616c9124/TARGET_b0.4/compare/aux/TARGET_b0.4_remapped_6l91_A_58.pdb,54,54,54,54
6686e20403ab44a8b2840d4d616c9124/TARGET_b0.4/fold/TARGET_b0.4_63_2_hMIN.pdb,20,4.2,5,0.0,0.13548387096774195,34,23,5,33,2,20,2,42,2,42,11,0.904,0.18,0.204,0.18,6686e20403ab44a8b2840d4d616c9124/TARGET_b0.4/compare/aux/TARGET_b0.4_remapped_6l91_A_58.pdb,54,54,54,54
6686e20403ab44a8b2840d4d616c9124/TARGET_b0.4/fold/TARGET_b0.4_51_4_hMIN.pdb,20,7.8,8,0.0,0.25161290322580643,42,2,5,33,4,26,1,53,1,50,12,1.2109999999999999,0.18100000000000002,0.204,0.18100000000000002,6686e20403ab44a8b2840d4d616c9124/TARGET_b0.4/compare/aux/TARGET_b0.4_remapped_6l91_A_58.pdb,54,54,54,54
6686e20403ab44a8b2840d4d616c9124/TARGET_b0.4/fold/TARGET_b0.4_33_5_hMIN.pdb,20,7.6000000000000005,7,3.1999999999999997,0.34838709677419355,32,69,1,56,3,32,1,53,1,50,10,1.001,0.161,0.20199999999999999,0.161,6686e20403ab44a8b2840d4d616c9124/TARGET_b0.4/compare/aux/TARGET_b0.4_remapped_6l91_A_58.pdb,54,54,54,54
6686e20403ab44a8b2840d4d616c9124/TARGET_b0.4/fold/TARGET_b0.4_54_4_hMIN.pdb,20,8.6,6,0.4,0.2903225806451613,42,2,5,33,4,26,1,53,1,50,12,1.1420000000000001,0.182,0.20199999999999999,0.182,6686e20403ab44a8b2840d4d616c9124/TARGET_b0.4/compare/aux/TARGET_b0.4_remapped_6l91_A_58.pdb,54,54,54,54
6686e20403ab44a8b2840d4d616c9124/TARGET_b0.4/fold/TARGET_b0.4_60_2_hMIN.pdb,20,9.0,4,0.2,0.2967741935483871,12,1,5,33,2,20,2,42,2,42,9,0.374,0.163,0.201,0.163,6686e20403ab44a8b2840d4d616c9124/TARGET_b0.4/compare/aux/TARGET_b0.4_remapped_6l91_A_58.pdb,54,54,54,54
6686e20403ab44a8b2840d4d616c9124/TARGET_b0.4/fold/TARGET_b0.4_39_10_hMIN.pdb,20,9.0,5,1.8,0.34838709677419355,32,69,1,56,4,26,1,53,1,50,12,1.3719999999999999,0.171,0.2,0.171,6686e20403ab44a8b2840d4d616c9124/TARGET_b0.4/compare/aux/TARGET_b0.4_remapped_6l91_A_58.pdb,54,54,54,54
6686e20403ab44a8b2840d4d616c9124/TARGET_b0.4/fold/TARGET_b0.4_48_3_hMIN.pdb,20,11.200000000000001,7,0.4,0.37419354838709684,37,5,2,12,6,5,1,53,1,50,11,1.175,0.16699999999999998,0.2,0.16699999999999998,6686e20403ab44a8b2840d4d616c9124/TARGET_b0.4/compare/aux/TARGET_b0.4_remapped_6l91_A_58.pdb,54,54,54,54
6686e20403ab44a8b2840d4d616c9124/TARGET_b0.4/fold/TARGET_b0.4_36_3_hMIN.pdb,20,7.800000000000001,4,0.8,0.2774193548387097,32,69,1,56,3,32,1,53,1,50,10,1.062,0.158,0.19899999999999998,0.158,6686e20403ab44a8b2840d4d616c9124/TARGET_b0.4/compare/aux/TARGET_b0.4_remapped_6l91_A_58.pdb,54,54,54,54
6686e20403ab44a8b2840d4d616c9124/TARGET_b0.4/fold/TARGET_b0.4_54_5_hMIN.pdb,20,9.799999999999999,8,0.0,0.3161290322580645,32,69,1,56,1,20,2,42,2,42,11,1.23,0.165,0.19899999999999998,0.165,6686e20403ab44a8b2840d4d616c9124/TARGET_b0.4/compare/aux/TARGET_b0.4_remapped_6l91_A_58.pdb,54,54,54,54
6686e20403ab44a8b2840d4d616c9124/TARGET_b0.4/fold/TARGET_b0.4_66_2_hMIN.pdb,20,10.2,9,0.2,0.3354838709677419,35,4,4,6,1,20,5,7,6,7,9,0.649,0.156,0.19899999999999998,0.156,6686e20403ab44a8b2840d4d616c9124/TARGET_b0.4/compare/aux/TARGET_b0.4_remapped_6l91_A_58.pdb,54,54,54,54
6686e20403ab44a8b2840d4d616c9124/TARGET_b0.4/fold/TARGET_b0.4_54_6_hMIN.pdb,20,9.2,10,0.4,0.3096774193548387,36,2,6,32,2,20,4,8,0,14,11,1.431,0.153,0.19899999999999998,0.153,6686e20403ab44a8b2840d4d616c9124/TARGET_b0.4/compare/aux/TARGET_b0.4_remapped_6l91_A_58.pdb,54,54,54,54
6686e20403ab44a8b2840d4d616c9124/TARGET_b0.4/fold/TARGET_b0.4_60_7_hMIN.pdb,20,8.0,8,4.4,0.4,1,1,4,6,1,20,5,7,6,7,13,1.676,0.166,0.19899999999999998,0.166,6686e20403ab44a8b2840d4d616c9124/TARGET_b0.4/compare/aux/TARGET_b0.4_remapped_6l91_A_58.pdb,54,54,54,54
6686e20403ab44a8b2840d4d616c9124/TARGET_b0.4/fold/TARGET_b0.4_39_7_hMIN.pdb,20,11.6,3,0.0,0.3741935483870968,34,23,5,33,5,31,2,42,2,42,11,1.3019999999999998,0.161,0.198,0.161,6686e20403ab44a8b2840d4d616c9124/TARGET_b0.4/compare/aux/TARGET_b0.4_remapped_6l91_A_58.pdb,54,54,54,54
6686e20403ab44a8b2840d4d616c9124/TARGET_b0.4/fold/TARGET_b0.4_42_10_hMIN.pdb,20,8.200000000000001,2,0.0,0.2645161290322581,38,3,2,12,4,26,0,19,0,14,11,1.122,0.17,0.19699999999999998,0.17,6686e20403ab44a8b2840d4d616c9124/TARGET_b0.4/compare/aux/TARGET_b0.4_remapped_6l91_A_58.pdb,54,54,54,54
6686e20403ab44a8b2840d4d616c9124/TARGET_b0.4/fold/TARGET_b0.4_45_2_hMIN.pdb,20,8.2,8,1.0,0.2967741935483871,34,23,5,33,5,31,2,42,2,42,12,1.442,0.16699999999999998,0.196,0.16699999999999998,6686e20403ab44a8b2840d4d616c9124/TARGET_b0.4/compare/aux/TARGET_b0.4_remapped_6l91_A_58.pdb,54,54,54,54
6686e20403ab44a8b2840d4d616c9124/TARGET_b0.4/fold/TARGET_b0.4_63_3_hMIN.pdb,20,7.400000000000001,8,0.0,0.23870967741935487,3,1,4,6,1,20,5,7,6,7,10,1.1,0.157,0.196,0.157,6686e20403ab44a8b2840d4d616c9124/TARGET_b0.4/compare/aux/TARGET_b0.4_remapped_6l91_A_58.pdb,54,54,54,54
6686e20403ab44a8b2840d4d616c9124/TARGET_b0.4/fold/TARGET_b0.4_60_9_hMIN.pdb,20,5.8,7,0.8,0.2129032258064516,34,23,5,33,5,31,2,42,2,42,10,1.005,0.161,0.195,0.161,6686e20403ab44a8b2840d4d616c9124/TARGET_b0.4/compare/aux/TARGET_b0.4_remapped_6l91_A_58.pdb,54,54,54,54
6686e20403ab44a8b2840d4d616c9124/TARGET_b0.4/fold/TARGET_b0.4_66_8_hMIN.pdb,20,10.2,11,1.4,0.3741935483870968,32,69,1,56,1,20,1,53,1,50,11,1.1420000000000001,0.17,0.195,0.17,6686e20403ab44a8b2840d4d616c9124/TARGET_b0.4/compare/aux/TARGET_b0.4_remapped_6l91_A_58.pdb,54,54,54,54
6686e20403ab44a8b2840d4d616c9124/TARGET_b0.4/fold/TARGET_b0.4_57_7_hMIN.pdb,20,9.200000000000001,7,0.0,0.29677419354838713,37,5,2,12,3,32,1,53,1,50,12,1.452,0.166,0.19399999999999998,0.166,6686e20403ab44a8b2840d4d616c9124/TARGET_b0.4/compare/aux/TARGET_b0.4_remapped_6l91_A_58.pdb,54,54,54,54
6686e20403ab44a8b2840d4d616c9124/TARGET_b0.4/fold/TARGET_b0.4_54_9_hMIN.pdb,20,13.0,9,3.4,0.529032258064516,32,69,1,56,4,26,1,53,1,50,11,1.3130000000000002,0.163,0.19399999999999998,0.163,6686e20403ab44a8b2840d4d616c9124/TARGET_b0.4/compare/aux/TARGET_b0.4_remapped_6l91_A_58.pdb,54,54,54,54
6686e20403ab44a8b2840d4d616c9124/TARGET_b0.4/fold/TARGET_b0.4_33_2_hMIN.pdb,20,7.200000000000001,6,2.8,0.3225806451612903,15,1,5,33,4,26,0,19,0,14,10,1.196,0.15,0.19399999999999998,0.15,6686e20403ab44a8b2840d4d616c9124/TARGET_b0.4/compare/aux/TARGET_b0.4_remapped_6l91_A_58.pdb,54,54,54,54
6686e20403ab44a8b2840d4d616c9124/TARGET_b0.4/fold/TARGET_b0.4_69_10_hMIN.pdb,20,9.6,9,0.4,0.3225806451612903,35,4,4,6,1,20,5,7,6,7,12,1.285,0.17600000000000002,0.19399999999999998,0.17600000000000002,6686e20403ab44a8b2840d4d616c9124/TARGET_b0.4/compare/aux/TARGET_b0.4_remapped_6l91_A_58.pdb,54,54,54,54
6686e20403ab44a8b2840d4d616c9124/TARGET_b0.4/fold/TARGET_b0.4_69_5_hMIN.pdb,20,9.4,7,1.6,0.3548387096774194,32,69,6,32,2,20,0,19,5,7,8,0.685,0.138,0.19399999999999998,0.138,6686e20403ab44a8b2840d4d616c9124/TARGET_b0.4/compare/aux/TARGET_b0.4_remapped_6l91_A_58.pdb,54,54,54,54
6686e20403ab44a8b2840d4d616c9124/TARGET_b0.4/fold/TARGET_b0.4_48_9_hMIN.pdb,20,10.6,8,2.0,0.4064516129032258,23,1,6,32,7,16,2,42,2,42,12,1.27,0.177,0.193,0.177,6686e20403ab44a8b2840d4d616c9124/TARGET_b0.4/compare/aux/TARGET_b0.4_remapped_6l91_A_58.pdb,54,54,54,54
6686e20403ab44a8b2840d4d616c9124/TARGET_b0.4/fold/TARGET_b0.4_66_6_hMIN.pdb,20,10.799999999999999,6,0.0,0.3483870967741935,32,69,1,56,3,32,1,53,1,50,12,1.367,0.171,0.193,0.171,6686e20403ab44a8b2840d4d616c9124/TARGET_b0.4/compare/aux/TARGET_b0.4_remapped_6l91_A_58.pdb,54,54,54,54
6686e20403ab44a8b2840d4d616c9124/TARGET_b0.4/fold/TARGET_b0.4_30_5_hMIN.pdb,20,11.799999999999999,4,0.6,0.39999999999999997,32,69,1,56,3,32,1,53,1,50,12,1.4469999999999998,0.16699999999999998,0.191,0.16699999999999998,6686e20403ab44a8b2840d4d616c9124/TARGET_b0.4/compare/aux/TARGET_b0.4_remapped_6l91_A_58.pdb,54,54,54,54
6686e20403ab44a8b2840d4d616c9124/TARGET_b0.4/fold/TARGET_b0.4_33_4_hMIN.pdb,20,5.4,5,0.0,0.17419354838709677,32,69,1,56,3,32,1,53,1,50,11,1.361,0.157,0.191,0.157,6686e20403ab44a8b2840d4d616c9124/TARGET_b0.4/compare/aux/TARGET_b0.4_remapped_6l91_A_58.pdb,54,54,54,54
6686e20403ab44a8b2840d4d616c9124/TARGET_b0.4/fold/TARGET_b0.4_60_10_hMIN.pdb,20,9.799999999999999,6,2.0,0.38064516129032255,39,2,6,32,5,31,2,42,2,42,9,0.503,0.16,0.19,0.16,6686e20403ab44a8b2840d4d616c9124/TARGET_b0.4/compare/aux/TARGET_b0.4_remapped_6l91_A_58.pdb,54,54,54,54
6686e20403ab44a8b2840d4d616c9124/TARGET_b0.4/fold/TARGET_b0.4_63_4_hMIN.pdb,20,5.0,7,1.0,0.1935483870967742,26,1,1,56,3,32,1,53,1,50,9,1.0590000000000002,0.141,0.19,0.141,6686e20403ab44a8b2840d4d616c9124/TARGET_b0.4/compare/aux/TARGET_b0.4_remapped_6l91_A_58.pdb,54,54,54,54
6686e20403ab44a8b2840d4d616c9124/TARGET_b0.4/fold/TARGET_b0.4_39_4_hMIN.pdb,20,3.2,5,0.0,0.1032258064516129,32,69,1,56,3,32,1,53,1,50,12,1.615,0.156,0.18899999999999997,0.156,6686e20403ab44a8b2840d4d616c9124/TARGET_b0.4/compare/aux/TARGET_b0.4_remapped_6l91_A_58.pdb,54,54,54,54
6686e20403ab44a8b2840d4d616c9124/TARGET_b0.4/fold/TARGET_b0.4_66_3_hMIN.pdb,20,7.000000000000001,7,0.0,0.22580645161290325,10,1,2,12,3,32,0,19,4,8,11,1.338,0.159,0.18899999999999997,0.159,6686e20403ab44a8b2840d4d616c9124/TARGET_b0.4/compare/aux/TARGET_b0.4_remapped_6l91_A_58.pdb,54,54,54,54
6686e20403ab44a8b2840d4d616c9124/TARGET_b0.4/fold/TARGET_b0.4_45_10_hMIN.pdb,20,7.4,5,0.2,0.24516129032258066,32,69,1,56,4,26,1,53,1,50,9,0.965,0.146,0.188,0.146,6686e20403ab44a8b2840d4d616c9124/TARGET_b0.4/compare/aux/TARGET_b0.4_remapped_6l91_A_58.pdb,54,54,54,54
6686e20403ab44a8b2840d4d616c9124/TARGET_b0.4/fold/TARGET_b0.4_45_6_hMIN.pdb,20,8.999999999999998,6,0.2,0.296774193548387,32,69,6,32,5,31,2,42,2,42,9,1.2570000000000001,0.132,0.188,0.132,6686e20403ab44a8b2840d4d616c9124/TARGET_b0.4/compare/aux/TARGET_b0.4_remapped_6l91_A_58.pdb,54,54,54,54
6686e20403ab44a8b2840d4d616c9124/TARGET_b0.4/fold/TARGET_b0.4_27_10_hMIN.pdb,20,9.2,6,0.2,0.30322580645161284,4,1,8,3,7,16,0,19,0,14,10,1.217,0.154,0.188,0.154,6686e20403ab44a8b2840d4d616c9124/TARGET_b0.4/compare/aux/TARGET_b0.4_remapped_6l91_A_58.pdb,54,54,54,54
6686e20403ab44a8b2840d4d616c9124/TARGET_b0.4/fold/TARGET_b0.4_45_3_hMIN.pdb,20,9.0,4,0.6000000000000001,0.3096774193548387,32,69,6,32,5,31,2,42,2,42,9,1.2590000000000001,0.134,0.188,0.134,6686e20403ab44a8b2840d4d616c9124/TARGET_b0.4/compare/aux/TARGET_b0.4_remapped_6l91_A_58.pdb,54,54,54,54
6686e20403ab44a8b2840d4d616c9124/TARGET_b0.4/fold/TARGET_b0.4_63_10_hMIN.pdb,20,8.0,7,1.6,0.3096774193548387,37,5,2,12,3,32,1,53,1,50,9,0.96,0.146,0.188,0.146,6686e20403ab44a8b2840d4d616c9124/TARGET_b0.4/compare/aux/TARGET_b0.4_remapped_6l91_A_58.pdb,54,54,54,54
6686e20403ab44a8b2840d4d616c9124/TARGET_b0.4/fold/TARGET_b0.4_42_9_hMIN.pdb,20,7.8,5,1.4000000000000001,0.2967741935483871,32,69,1,56,4,26,1,53,1,50,9,0.975,0.146,0.187,0.146,6686e20403ab44a8b2840d4d616c9124/TARGET_b0.4/compare/aux/TARGET_b0.4_remapped_6l91_A_58.pdb,54,54,54,54
6686e20403ab44a8b2840d4d616c9124/TARGET_b0.4/fold/TARGET_b0.4_27_4_hMIN.pdb,20,7.000000000000001,3,0.0,0.22580645161290325,30,1,1,56,4,26,3,16,3,16,10,1.05,0.16,0.18600000000000003,0.16,6686e20403ab44a8b2840d4d616c9124/TARGET_b0.4/compare/aux/TARGET_b0.4_remapped_6l91_A_58.pdb,54,54,54,54
6686e20403ab44a8b2840d4d616c9124/TARGET_b0.4/fold/TARGET_b0.4_42_6_hMIN.pdb,20,11.999999999999998,7,0.0,0.3870967741935483,32,69,6,32,5,31,2,42,2,42,9,1.187,0.138,0.18600000000000003,0.138,6686e20403ab44a8b2840d4d616c9124/TARGET_b0.4/compare/aux/TARGET_b0.4_remapped_6l91_A_58.pdb,54,54,54,54
6686e20403ab44a8b2840d4d616c9124/TARGET_b0.4/fold/TARGET_b0.4_33_8_hMIN.pdb,20,10.4,5,1.0,0.36774193548387096,32,69,1,56,3,32,3,16,3,16,11,1.459,0.152,0.18600000000000003,0.152,6686e20403ab44a8b2840d4d616c9124/TARGET_b0.4/compare/aux/TARGET_b0.4_remapped_6l91_A_58.pdb,54,54,54,54
6686e20403ab44a8b2840d4d616c9124/TARGET_b0.4/fold/TARGET_b0.4_60_6_hMIN.pdb,20,6.4,7,1.8,0.2645161290322581,20,1,1,56,3,32,6,5,4,8,10,1.114,0.154,0.18600000000000003,0.154,6686e20403ab44a8b2840d4d616c9124/TARGET_b0.4/compare/aux/TARGET_b0.4_remapped_6l91_A_58.pdb,54,54,54,54
6686e20403ab44a8b2840d4d616c9124/TARGET_b0.4/fold/TARGET_b0.4_42_4_hMIN.pdb,20,12.0,6,1.7999999999999998,0.44516129032258067,14,1,6,32,7,16,4,8,4,8,9,0.833,0.153,0.18600000000000003,0.153,6686e20403ab44a8b2840d4d616c9124/TARGET_b0.4/compare/aux/TARGET_b0.4_remapped_6l91_A_58.pdb,54,54,54,54
6686e20403ab44a8b2840d4d616c9124/TARGET_b0.4/fold/TARGET_b0.4_33_6_hMIN.pdb,20,4.2,7,3.4,0.24516129032258063,32,69,1,56,3,32,3,16,3,16,11,1.46,0.151,0.185,0.151,6686e20403ab44a8b2840d4d616c9124/TARGET_b0.4/compare/aux/TARGET_b0.4_remapped_6l91_A_58.pdb,54,54,54,54
6686e20403ab44a8b2840d4d616c9124/TARGET_b0.4/fold/TARGET_b0.4_48_6_hMIN.pdb,20,6.6000000000000005,6,0.2,0.21935483870967745,32,69,6,32,2,20,4,8,5,7,8,0.884,0.134,0.184,0.134,6686e20403ab44a8b2840d4d616c9124/TARGET_b0.4/compare/aux/TARGET_b0.4_remapped_6l91_A_58.pdb,54,54,54,54
6686e20403ab44a8b2840d4d616c9124/TARGET_b0.4/fold/TARGET_b0.4_30_1_hMIN.pdb,20,1.4000000000000001,6,0.0,0.04516129032258065,34,23,5,33,5,31,2,42,2,42,10,1.158,0.153,0.184,0.153,6686e20403ab44a8b2840d4d616c9124/TARGET_b0.4/compare/aux/TARGET_b0.4_remapped_6l91_A_58.pdb,54,54,54,54
6686e20403ab44a8b2840d4d616c9124/TARGET_b0.4/fold/TARGET_b0.4_51_3_hMIN.pdb,20,6.2,7,0.6,0.21935483870967742,32,69,6,32,5,31,2,42,2,42,9,1.327,0.133,0.184,0.133,6686e20403ab44a8b2840d4d616c9124/TARGET_b0.4/compare/aux/TARGET_b0.4_remapped_6l91_A_58.pdb,54,54,54,54
6686e20403ab44a8b2840d4d616c9124/TARGET_b0.4/fold/TARGET_b0.4_33_9_hMIN.pdb,20,8.0,4,0.0,0.25806451612903225,32,69,1,56,3,32,1,53,1,50,11,1.327,0.158,0.183,0.158,6686e20403ab44a8b2840d4d616c9124/TARGET_b0.4/compare/aux/TARGET_b0.4_remapped_6l91_A_58.pdb,54,54,54,54
6686e20403ab44a8b2840d4d616c9124/TARGET_b0.4/fold/TARGET_b0.4_42_5_hMIN.pdb,20,8.399999999999999,5,0.0,0.27096774193548384,32,69,1,56,4,26,1,53,1,50,8,0.9009999999999999,0.131,0.18100000000000002,0.131,6686e20403ab44a8b2840d4d616c9124/TARGET_b0.4/compare/aux/TARGET_b0.4_remapped_6l91_A_58.pdb,54,54,54,54
6686e20403ab44a8b2840d4d616c9124/TARGET_b0.4/fold/TARGET_b0.4_45_4_hMIN.pdb,20,6.8,8,0.0,0.21935483870967742,34,23,5,33,5,31,2,42,2,42,12,1.619,0.156,0.18100000000000002,0.156,6686e20403ab44a8b2840d4d616c9124/TARGET_b0.4/compare/aux/TARGET_b0.4_remapped_6l91_A_58.pdb,54,54,54,54
6686e20403ab44a8b2840d4d616c9124/TARGET_b0.4/fold/TARGET_b0.4_45_7_hMIN.pdb,20,11.6,8,1.0,0.4064516129032258,32,69,1,56,4,26,1,53,1,50,10,1.318,0.146,0.18,0.146,6686e20403ab44a8b2840d4d616c9124/TARGET_b0.4/compare/aux/TARGET_b0.4_remapped_6l91_A_58.pdb,54,54,54,54
6686e20403ab44a8b2840d4d616c9124/TARGET_b0.4/fold/TARGET_b0.4_45_8_hMIN.pdb,20,10.0,4,0.0,0.3225806451612903,32,69,6,32,5,31,2,42,2,42,9,0.9209999999999999,0.147,0.17800000000000002,0.147,6686e20403ab44a8b2840d4d616c9124/TARGET_b0.4/compare/aux/TARGET_b0.4_remapped_6l91_A_58.pdb,54,54,54,54
6686e20403ab44a8b2840d4d616c9124/TARGET_b0.4/fold/TARGET_b0.4_51_9_hMIN.pdb,20,8.0,8,0.8,0.2838709677419355,32,69,1,56,4,26,1,53,1,50,7,0.768,0.11900000000000001,0.177,0.11900000000000001,6686e20403ab44a8b2840d4d616c9124/TARGET_b0.4/compare/aux/TARGET_b0.4_remapped_6l91_A_58.pdb,54,54,54,54
6686e20403ab44a8b2840d4d616c9124/TARGET_b0.4/fold/TARGET_b0.4_42_1_hMIN.pdb,20,8.4,8,1.4,0.31612903225806455,34,23,5,33,5,31,3,16,3,16,8,1.0659999999999998,0.126,0.177,0.126,6686e20403ab44a8b2840d4d616c9124/TARGET_b0.4/compare/aux/TARGET_b0.4_remapped_6l91_A_58.pdb,54,54,54,54
6686e20403ab44a8b2840d4d616c9124/TARGET_b0.4/fold/TARGET_b0.4_36_9_hMIN.pdb,20,7.4,5,0.4,0.2516129032258065,32,69,1,56,3,32,1,53,1,50,11,1.4340000000000002,0.154,0.17600000000000002,0.154,6686e20403ab44a8b2840d4d616c9124/TARGET_b0.4/compare/aux/TARGET_b0.4_remapped_6l91_A_58.pdb,54,54,54,54
6686e20403ab44a8b2840d4d616c9124/TARGET_b0.4/fold/TARGET_b0.4_27_7_hMIN.pdb,20,7.8,2,0.0,0.25161290322580643,9,1,8,3,7,16,3,16,3,16,10,1.1640000000000001,0.153,0.17600000000000002,0.153,6686e20403ab44a8b2840d4d616c9124/TARGET_b0.4/compare/aux/TARGET_b0.4_remapped_6l91_A_58.pdb,54,54,54,54
6686e20403ab44a8b2840d4d616c9124/TARGET_b0.4/fold/TARGET_b0.4_66_4_hMIN.pdb,20,6.800000000000001,8,1.8000000000000003,0.2774193548387097,32,69,1,56,1,20,6,5,7,6,9,0.89,0.149,0.17600000000000002,0.149,6686e20403ab44a8b2840d4d616c9124/TARGET_b0.4/compare/aux/TARGET_b0.4_remapped_6l91_A_58.pdb,54,54,54,54
6686e20403ab44a8b2840d4d616c9124/TARGET_b0.4/fold/TARGET_b0.4_66_5_hMIN.pdb,20,6.4,6,1.0,0.23870967741935484,37,5,2,12,1,20,1,53,1,50,9,1.273,0.132,0.17600000000000002,0.132,6686e20403ab44a8b2840d4d616c9124/TARGET_b0.4/compare/aux/TARGET_b0.4_remapped_6l91_A_58.pdb,54,54,54,54
6686e20403ab44a8b2840d4d616c9124/TARGET_b0.4/fold/TARGET_b0.4_48_5_hMIN.pdb,20,9.4,5,1.6,0.3548387096774194,32,69,6,32,7,16,3,16,3,16,10,1.47,0.138,0.17600000000000002,0.138,6686e20403ab44a8b2840d4d616c9124/TARGET_b0.4/compare/aux/TARGET_b0.4_remapped_6l91_A_58.pdb,54,54,54,54
6686e20403ab44a8b2840d4d616c9124/TARGET_b0.4/fold/TARGET_b0.4_69_3_hMIN.pdb,20,7.8,7,0.0,0.25161290322580643,32,69,1,56,3,32,1,53,4,8,7,1.182,0.105,0.17600000000000002,0.105,6686e20403ab44a8b2840d4d616c9124/TARGET_b0.4/compare/aux/TARGET_b0.4_remapped_6l91_A_58.pdb,54,54,54,54
6686e20403ab44a8b2840d4d616c9124/TARGET_b0.4/fold/TARGET_b0.4_66_10_hMIN.pdb,20,8.0,9,1.2000000000000002,0.2967741935483871,37,5,2,12,1,20,5,7,6,7,10,1.598,0.133,0.175,0.133,6686e20403ab44a8b2840d4d616c9124/TARGET_b0.4/compare/aux/TARGET_b0.4_remapped_6l91_A_58.pdb,54,54,54,54
6686e20403ab44a8b2840d4d616c9124/TARGET_b0.4/fold/TARGET_b0.4_39_6_hMIN.pdb,20,9.8,6,0.0,0.31612903225806455,34,23,5,33,5,31,2,42,2,42,10,1.386,0.14,0.174,0.14,6686e20403ab44a8b2840d4d616c9124/TARGET_b0.4/compare/aux/TARGET_b0.4_remapped_6l91_A_58.pdb,54,54,54,54
6686e20403ab44a8b2840d4d616c9124/TARGET_b0.4/fold/TARGET_b0.4_57_2_hMIN.pdb,20,6.4,8,2.2,0.2774193548387097,34,23,5,33,2,20,2,42,2,42,9,1.215,0.13699999999999998,0.174,0.13699999999999998,6686e20403ab44a8b2840d4d616c9124/TARGET_b0.4/compare/aux/TARGET_b0.4_remapped_6l91_A_58.pdb,54,54,54,54
6686e20403ab44a8b2840d4d616c9124/TARGET_b0.4/fold/TARGET_b0.4_54_3_hMIN.pdb,20,8.0,7,1.6,0.3096774193548387,32,69,1,56,3,32,1,53,1,50,9,1.3030000000000002,0.132,0.174,0.132,6686e20403ab44a8b2840d4d616c9124/TARGET_b0.4/compare/aux/TARGET_b0.4_remapped_6l91_A_58.pdb,54,54,54,54
6686e20403ab44a8b2840d4d616c9124/TARGET_b0.4/fold/TARGET_b0.4_42_8_hMIN.pdb,20,9.0,10,1.6,0.3419354838709677,32,69,1,56,3,32,1,53,1,50,10,1.499,0.135,0.172,0.135,6686e20403ab44a8b2840d4d616c9124/TARGET_b0.4/compare/aux/TARGET_b0.4_remapped_6l91_A_58.pdb,54,54,54,54
6686e20403ab44a8b2840d4d616c9124/TARGET_b0.4/fold/TARGET_b0.4_69_8_hMIN.pdb,20,6.0,6,1.0,0.22580645161290322,32,69,6,32,2,20,0,19,5,7,8,1.268,0.11800000000000001,0.17,0.11800000000000001,6686e20403ab44a8b2840d4d616c9124/TARGET_b0.4/compare/aux/TARGET_b0.4_remapped_6l91_A_58.pdb,54,54,54,54
6686e20403ab44a8b2840d4d616c9124/TARGET_b0.4/fold/TARGET_b0.4_42_3_hMIN.pdb,20,9.399999999999999,4,1.8,0.36129032258064514,27,1,1,56,3,32,1,53,1,50,8,0.885,0.132,0.16899999999999998,0.132,6686e20403ab44a8b2840d4d616c9124/TARGET_b0.4/compare/aux/TARGET_b0.4_remapped_6l91_A_58.pdb,54,54,54,54
6686e20403ab44a8b2840d4d616c9124/TARGET_b0.4/fold/TARGET_b0.4_36_8_hMIN.pdb,20,4.800000000000001,7,0.0,0.1548387096774194,32,69,1,56,4,26,1,53,1,50,9,1.2570000000000001,0.133,0.16899999999999998,0.133,6686e20403ab44a8b2840d4d616c9124/TARGET_b0.4/compare/aux/TARGET_b0.4_remapped_6l91_A_58.pdb,54,54,54,54
6686e20403ab44a8b2840d4d616c9124/TARGET_b0.4/fold/TARGET_b0.4_48_2_hMIN.pdb,20,7.800000000000001,3,0.6,0.2709677419354839,34,23,5,33,5,31,2,42,2,42,9,1.2690000000000001,0.133,0.16899999999999998,0.133,6686e20403ab44a8b2840d4d616c9124/TARGET_b0.4/compare/aux/TARGET_b0.4_remapped_6l91_A_58.pdb,54,54,54,54
6686e20403ab44a8b2840d4d616c9124/TARGET_b0.4/fold/TARGET_b0.4_36_4_hMIN.pdb,20,8.8,4,0.0,0.2838709677419355,32,69,1,56,4,26,1,53,1,50,8,0.5770000000000001,0.14,0.168,0.14,6686e20403ab44a8b2840d4d616c9124/TARGET_b0.4/compare/aux/TARGET_b0.4_remapped_6l91_A_58.pdb,54,54,54,54
6686e20403ab44a8b2840d4d616c9124/TARGET_b0.4/fold/TARGET_b0.4_54_1_hMIN.pdb,20,3.8000000000000003,7,2.2,0.1935483870967742,21,1,1,56,1,20,6,5,7,6,6,1.14,0.094,0.16699999999999998,0.094,6686e20403ab44a8b2840d4d616c9124/TARGET_b0.4/compare/aux/TARGET_b0.4_remapped_6l91_A_58.pdb,54,54,54,54
6686e20403ab44a8b2840d4d616c9124/TARGET_b0.4/fold/TARGET_b0.4_45_9_hMIN.pdb,20,6.4,6,3.2,0.3096774193548388,32,69,1,56,4,26,1,53,1,50,8,0.77,0.135,0.165,0.135,6686e20403ab44a8b2840d4d616c9124/TARGET_b0.4/compare/aux/TARGET_b0.4_remapped_6l91_A_58.pdb,54,54,54,54
6686e20403ab44a8b2840d4d616c9124/TARGET_b0.4/fold/TARGET_b0.4_42_7_hMIN.pdb,20,8.799999999999999,3,0.0,0.28387096774193543,17,1,5,33,4,26,0,19,4,8,8,1.151,0.124,0.165,0.124,6686e20403ab44a8b2840d4d616c9124/TARGET_b0.4/compare/aux/TARGET_b0.4_remapped_6l91_A_58.pdb,54,54,54,54
6686e20403ab44a8b2840d4d616c9124/TARGET_b0.4/fold/TARGET_b0.4_54_7_hMIN.pdb,20,7.3999999999999995,5,1.7999999999999998,0.2967741935483871,32,69,6,32,2,20,2,42,2,42,7,0.27699999999999997,0.128,0.163,0.128,6686e20403ab44a8b2840d4d616c9124/TARGET_b0.4/compare/aux/TARGET_b0.4_remapped_6l91_A_58.pdb,54,54,54,54
6686e20403ab44a8b2840d4d616c9124/TARGET_b0.4/fold/TARGET_b0.4_54_10_hMIN.pdb,20,5.8,9,2.6,0.2709677419354839,34,23,5,33,2,20,2,42,2,42,8,1.298,0.11800000000000001,0.163,0.11800000000000001,6686e20403ab44a8b2840d4d616c9124/TARGET_b0.4/compare/aux/TARGET_b0.4_remapped_6l91_A_58.pdb,54,54,54,54
6686e20403ab44a8b2840d4d616c9124/TARGET_b0.4/fold/TARGET_b0.4_69_9_hMIN.pdb,20,5.2,7,1.2,0.2064516129032258,18,1,7,4,5,31,2,42,2,42,9,1.357,0.129,0.163,0.129,6686e20403ab44a8b2840d4d616c9124/TARGET_b0.4/compare/aux/TARGET_b0.4_remapped_6l91_A_58.pdb,54,54,54,54
6686e20403ab44a8b2840d4d616c9124/TARGET_b0.4/fold/TARGET_b0.4_57_10_hMIN.pdb,20,5.0,5,0.0,0.16129032258064516,32,69,6,32,7,16,4,8,7,6,8,0.755,0.135,0.163,0.135,6686e20403ab44a8b2840d4d616c9124/TARGET_b0.4/compare/aux/TARGET_b0.4_remapped_6l91_A_58.pdb,54,54,54,54
6686e20403ab44a8b2840d4d616c9124/TARGET_b0.4/fold/TARGET_b0.4_45_1_hMIN.pdb,20,3.0,6,2.2,0.16774193548387098,28,1,1,56,1,20,1,53,1,50,8,0.899,0.132,0.162,0.132,6686e20403ab44a8b2840d4d616c9124/TARGET_b0.4/compare/aux/TARGET_b0.4_remapped_6l91_A_58.pdb,54,54,54,54
6686e20403ab44a8b2840d4d616c9124/TARGET_b0.4/fold/TARGET_b0.4_69_1_hMIN.pdb,20,4.8,6,2.4,0.23225806451612901,2,1,3,2,6,5,0,19,0,14,9,1.258,0.132,0.162,0.132,6686e20403ab44a8b2840d4d616c9124/TARGET_b0.4/compare/aux/TARGET_b0.4_remapped_6l91_A_58.pdb,54,54,54,54
6686e20403ab44a8b2840d4d616c9124/TARGET_b0.4/fold/TARGET_b0.4_54_2_hMIN.pdb,20,7.8,6,2.6000000000000005,0.33548387096774196,34,23,5,33,5,31,2,42,2,42,9,1.268,0.134,0.161,0.134,6686e20403ab44a8b2840d4d616c9124/TARGET_b0.4/compare/aux/TARGET_b0.4_remapped_6l91_A_58.pdb,54,54,54,54
6686e20403ab44a8b2840d4d616c9124/TARGET_b0.4/fold/TARGET_b0.4_39_5_hMIN.pdb,20,7.8,3,0.0,0.25161290322580643,32,69,1,56,3,32,1,53,1,50,8,0.547,0.141,0.16,0.141,6686e20403ab44a8b2840d4d616c9124/TARGET_b0.4/compare/aux/TARGET_b0.4_remapped_6l91_A_58.pdb,54,54,54,54
6686e20403ab44a8b2840d4d616c9124/TARGET_b0.4/fold/TARGET_b0.4_66_7_hMIN.pdb,20,6.0,7,2.8,0.2838709677419355,32,69,1,56,3,32,1,53,7,6,8,1.182,0.12,0.159,0.12,6686e20403ab44a8b2840d4d616c9124/TARGET_b0.4/compare/aux/TARGET_b0.4_remapped_6l91_A_58.pdb,54,54,54,54
6686e20403ab44a8b2840d4d616c9124/TARGET_b0.4/fold/TARGET_b0.4_69_2_hMIN.pdb,20,10.600000000000001,6,0.0,0.3419354838709678,32,69,1,56,3,32,1,53,1,50,8,0.823,0.134,0.159,0.134,6686e20403ab44a8b2840d4d616c9124/TARGET_b0.4/compare/aux/TARGET_b0.4_remapped_6l91_A_58.pdb,54,54,54,54
6686e20403ab44a8b2840d4d616c9124/TARGET_b0.4/fold/TARGET_b0.4_27_1_hMIN.pdb,20,2.6,3,0.0,0.08387096774193549,16,1,9,2,4,26,0,19,0,14,7,0.941,0.114,0.158,0.114,6686e20403ab44a8b2840d4d616c9124/TARGET_b0.4/compare/aux/TARGET_b0.4_remapped_6l91_A_58.pdb,54,54,54,54
6686e20403ab44a8b2840d4d616c9124/TARGET_b0.4/fold/TARGET_b0.4_51_6_hMIN.pdb,20,11.6,4,0.0,0.3741935483870968,32,69,6,32,7,16,3,16,3,16,9,1.435,0.125,0.157,0.125,6686e20403ab44a8b2840d4d616c9124/TARGET_b0.4/compare/aux/TARGET_b0.4_remapped_6l91_A_58.pdb,54,54,54,54
6686e20403ab44a8b2840d4d616c9124/TARGET_b0.4/fold/TARGET_b0.4_66_1_hMIN.pdb,20,4.2,8,0.8,0.16129032258064516,32,69,1,56,1,20,1,53,1,50,7,1.567,0.09300000000000001,0.157,0.09300000000000001,6686e20403ab44a8b2840d4d616c9124/TARGET_b0.4/compare/aux/TARGET_b0.4_remapped_6l91_A_58.pdb,54,54,54,54
6686e20403ab44a8b2840d4d616c9124/TARGET_b0.4/fold/TARGET_b0.4_63_9_hMIN.pdb,20,5.8,7,0.0,0.1870967741935484,34,23,5,33,2,20,2,42,2,42,7,0.7090000000000001,0.11900000000000001,0.156,0.11900000000000001,6686e20403ab44a8b2840d4d616c9124/TARGET_b0.4/compare/aux/TARGET_b0.4_remapped_6l91_A_58.pdb,54,54,54,54
6686e20403ab44a8b2840d4d616c9124/TARGET_b0.4/fold/TARGET_b0.4_36_1_hMIN.pdb,20,7.6,7,2.8000000000000003,0.33548387096774196,32,69,6,32,7,16,3,16,3,16,9,1.6059999999999999,0.11800000000000001,0.155,0.11800000000000001,6686e20403ab44a8b2840d4d616c9124/TARGET_b0.4/compare/aux/TARGET_b0.4_remapped_6l91_A_58.pdb,54,54,54,54
6686e20403ab44a8b2840d4d616c9124/TARGET_b0.4/fold/TARGET_b0.4_60_1_hMIN.pdb,20,0.8,9,1.4,0.07096774193548387,32,69,1,56,1,20,6,5,7,6,6,0.9470000000000001,0.09699999999999999,0.153,0.09699999999999999,6686e20403ab44a8b2840d4d616c9124/TARGET_b0.4/compare/aux/TARGET_b0.4_remapped_6l91_A_58.pdb,54,54,54,54
6686e20403ab44a8b2840d4d616c9124/TARGET_b0.4/fold/TARGET_b0.4_54_8_hMIN.pdb,20,7.6,6,0.0,0.24516129032258063,32,69,1,56,1,20,6,5,7,6,8,1.2109999999999999,0.12,0.153,0.12,6686e20403ab44a8b2840d4d616c9124/TARGET_b0.4/compare/aux/TARGET_b0.4_remapped_6l91_A_58.pdb,54,54,54,54
6686e20403ab44a8b2840d4d616c9124/TARGET_b0.4/fold/TARGET_b0.4_36_6_hMIN.pdb,20,6.6,6,0.6000000000000001,0.23225806451612901,33,3,2,12,3,32,4,8,4,8,7,0.8740000000000001,0.11599999999999999,0.15,0.11599999999999999,6686e20403ab44a8b2840d4d616c9124/TARGET_b0.4/compare/aux/TARGET_b0.4_remapped_6l91_A_58.pdb,54,54,54,54
6686e20403ab44a8b2840d4d616c9124/TARGET_b0.4/fold/TARGET_b0.4_63_7_hMIN.pdb,20,8.8,8,1.8,0.3419354838709678,32,69,1,56,1,20,1,53,1,50,6,0.431,0.10800000000000001,0.15,0.10800000000000001,6686e20403ab44a8b2840d4d616c9124/TARGET_b0.4/compare/aux/TARGET_b0.4_remapped_6l91_A_58.pdb,54,54,54,54
6686e20403ab44a8b2840d4d616c9124/TARGET_b0.4/fold/TARGET_b0.4_57_9_hMIN.pdb,20,7.0,10,0.6000000000000001,0.24516129032258063,5,1,7,4,5,31,2,42,2,42,7,0.9309999999999999,0.113,0.14800000000000002,0.113,6686e20403ab44a8b2840d4d616c9124/TARGET_b0.4/compare/aux/TARGET_b0.4_remapped_6l91_A_58.pdb,54,54,54,54
6686e20403ab44a8b2840d4d616c9124/TARGET_b0.4/fold/TARGET_b0.4_69_7_hMIN.pdb,20,2.6,8,1.6,0.13548387096774195,11,1,5,33,5,31,2,42,2,42,8,0.8540000000000001,0.132,0.14800000000000002,0.132,6686e20403ab44a8b2840d4d616c9124/TARGET_b0.4/compare/aux/TARGET_b0.4_remapped_6l91_A_58.pdb,54,54,54,54
6686e20403ab44a8b2840d4d616c9124/TARGET_b0.4/fold/TARGET_b0.4_60_5_hMIN.pdb,20,6.6000000000000005,7,2.8,0.3032258064516129,41,2,7,4,6,5,5,7,6,7,7,0.7020000000000001,0.12,0.146,0.12,6686e20403ab44a8b2840d4d616c9124/TARGET_b0.4/compare/aux/TARGET_b0.4_remapped_6l91_A_58.pdb,54,54,54,54
6686e20403ab44a8b2840d4d616c9124/TARGET_b0.4/fold/TARGET_b0.4_60_3_hMIN.pdb,20,3.4000000000000004,7,2.4,0.18709677419354842,7,1,3,2,6,5,1,53,1,50,7,0.986,0.113,0.145,0.113,6686e20403ab44a8b2840d4d616c9124/TARGET_b0.4/compare/aux/TARGET_b0.4_remapped_6l91_A_58.pdb,54,54,54,54
6686e20403ab44a8b2840d4d616c9124/TARGET_b0.4/fold/TARGET_b0.4_69_6_hMIN.pdb,20,7.800000000000001,8,1.2,0.2903225806451613,34,23,5,33,2,20,2,42,2,42,7,0.7340000000000001,0.11900000000000001,0.145,0.11900000000000001,6686e20403ab44a8b2840d4d616c9124/TARGET_b0.4/compare/aux/TARGET_b0.4_remapped_6l91_A_58.pdb,54,54,54,54
6686e20403ab44a8b2840d4d616c9124/TARGET_b0.4/fold/TARGET_b0.4_63_6_hMIN.pdb,20,5.800000000000001,5,0.8,0.21290322580645163,36,2,6,32,2,20,4,8,5,7,6,0.872,0.099,0.145,0.099,6686e20403ab44a8b2840d4d616c9124/TARGET_b0.4/compare/aux/TARGET_b0.4_remapped_6l91_A_58.pdb,54,54,54,54
6686e20403ab44a8b2840d4d616c9124/TARGET_b0.4/fold/TARGET_b0.4_57_4_hMIN.pdb,20,6.8,5,0.0,0.21935483870967742,34,23,5,33,5,31,2,42,2,42,6,0.833,0.1,0.14400000000000002,0.1,6686e20403ab44a8b2840d4d616c9124/TARGET_b0.4/compare/aux/TARGET_b0.4_remapped_6l91_A_58.pdb,54,54,54,54
6686e20403ab44a8b2840d4d616c9124/TARGET_b0.4/fold/TARGET_b0.4_57_8_hMIN.pdb,20,7.4,8,0.2,0.24516129032258066,34,23,5,33,5,31,2,42,2,42,7,1.136,0.10800000000000001,0.14300000000000002,0.10800000000000001,6686e20403ab44a8b2840d4d616c9124/TARGET_b0.4/compare/aux/TARGET_b0.4_remapped_6l91_A_58.pdb,54,54,54,54
6686e20403ab44a8b2840d4d616c9124/TARGET_b0.4/fold/TARGET_b0.4_57_3_hMIN.pdb,20,4.4,7,1.7999999999999998,0.2,32,69,1,56,1,20,1,53,1,50,8,1.365,0.115,0.142,0.115,6686e20403ab44a8b2840d4d616c9124/TARGET_b0.4/compare/aux/TARGET_b0.4_remapped_6l91_A_58.pdb,54,54,54,54
6686e20403ab44a8b2840d4d616c9124/TARGET_b0.4/fold/TARGET_b0.4_48_1_hMIN.pdb,20,1.2000000000000002,10,0.4,0.05161290322580645,40,4,5,33,2,20,0,19,0,14,6,0.599,0.105,0.14,0.105,6686e20403ab44a8b2840d4d616c9124/TARGET_b0.4/compare/aux/TARGET_b0.4_remapped_6l91_A_58.pdb,54,54,54,54
6686e20403ab44a8b2840d4d616c9124/TARGET_b0.4/fold/TARGET_b0.4_69_4_hMIN.pdb,20,5.4,9,1.2000000000000002,0.21290322580645163,35,4,4,6,1,20,5,7,6,7,7,1.033,0.11,0.139,0.11,6686e20403ab44a8b2840d4d616c9124/TARGET_b0.4/compare/aux/TARGET_b0.4_remapped_6l91_A_58.pdb,54,54,54,54
6686e20403ab44a8b2840d4d616c9124/TARGET_b0.4/fold/TARGET_b0.4_63_1_hMIN.pdb,20,4.0,9,2.6000000000000005,0.21290322580645163,40,4,5,33,2,20,0,19,0,14,6,0.688,0.10300000000000001,0.13699999999999998,0.10300000000000001,6686e20403ab44a8b2840d4d616c9124/TARGET_b0.4/compare/aux/TARGET_b0.4_remapped_6l91_A_58.pdb,54,54,54,54
6686e20403ab44a8b2840d4d616c9124/TARGET_b0.4/fold/TARGET_b0.4_63_8_hMIN.pdb,20,1.7999999999999998,6,0.0,0.058064516129032254,24,1,6,32,2,20,0,19,5,7,7,1.547,0.09300000000000001,0.135,0.09300000000000001,6686e20403ab44a8b2840d4d616c9124/TARGET_b0.4/compare/aux/TARGET_b0.4_remapped_6l91_A_58.pdb,54,54,54,54
6686e20403ab44a8b2840d4d616c9124/TARGET_b0.4/fold/TARGET_b0.4_51_7_hMIN.pdb,20,6.4,5,0.0,0.2064516129032258,34,23,5,33,2,20,2,42,2,42,7,1.229,0.10300000000000001,0.133,0.10300000000000001,6686e20403ab44a8b2840d4d616c9124/TARGET_b0.4/compare/aux/TARGET_b0.4_remapped_6l91_A_58.pdb,54,54,54,54
6686e20403ab44a8b2840d4d616c9124/TARGET_b0.4/fold/TARGET_b0.4_39_1_hMIN.pdb,20,0.4,5,0.0,0.012903225806451613,6,1,1,56,1,20,0,19,0,14,6,0.7829999999999999,0.10099999999999999,0.132,0.10099999999999999,6686e20403ab44a8b2840d4d616c9124/TARGET_b0.4/compare/aux/TARGET_b0.4_remapped_6l91_A_58.pdb,54,54,54,54
6686e20403ab44a8b2840d4d616c9124/TARGET_b0.4/fold/TARGET_b0.4_60_8_hMIN.pdb,20,6.6,9,1.0,0.24516129032258063,35,4,4,6,1,20,2,42,2,42,6,0.8640000000000001,0.099,0.12300000000000001,0.099,6686e20403ab44a8b2840d4d616c9124/TARGET_b0.4/compare/aux/TARGET_b0.4_remapped_6l91_A_58.pdb,54,54,54,54
6686e20403ab44a8b2840d4d616c9124/TARGET_b0.4/fold/TARGET_b0.4_57_1_hMIN.pdb,20,1.2,8,2.4000000000000004,0.11612903225806454,40,4,5,33,2,20,0,19,0,14,6,0.9470000000000001,0.096,0.12,0.096,6686e20403ab44a8b2840d4d616c9124/TARGET_b0.4/compare/aux/TARGET_b0.4_remapped_6l91_A_58.pdb,54,54,54,54
6686e20403ab44a8b2840d4d616c9124/TARGET_b0.4/fold/TARGET_b0.4_51_1_hMIN.pdb,20,3.0000000000000004,4,0.2,0.10322580645161292,40,4,5,33,2,20,0,19,0,14,6,1.016,0.095,0.115,0.095,6686e20403ab44a8b2840d4d616c9124/TARGET_b0.4/compare/aux/TARGET_b0.4_remapped_6l91_A_58.pdb,54,54,54,54
